/*
SQLyog Ultimate v12.5.1 (64 bit)
MySQL - 10.4.11-MariaDB : Database - db_topik_covid_bali
*********************************************************************
*/

/*!40101 SET NAMES utf8 */;

/*!40101 SET SQL_MODE=''*/;

/*!40014 SET @OLD_UNIQUE_CHECKS=@@UNIQUE_CHECKS, UNIQUE_CHECKS=0 */;
/*!40014 SET @OLD_FOREIGN_KEY_CHECKS=@@FOREIGN_KEY_CHECKS, FOREIGN_KEY_CHECKS=0 */;
/*!40101 SET @OLD_SQL_MODE=@@SQL_MODE, SQL_MODE='NO_AUTO_VALUE_ON_ZERO' */;
/*!40111 SET @OLD_SQL_NOTES=@@SQL_NOTES, SQL_NOTES=0 */;
CREATE DATABASE /*!32312 IF NOT EXISTS*/`db_topik_covid_bali` /*!40100 DEFAULT CHARACTER SET utf8mb4 */;

USE `db_topik_covid_bali`;

/*Table structure for table `tb_admin` */

DROP TABLE IF EXISTS `tb_admin`;

CREATE TABLE `tb_admin` (
  `id` int(5) NOT NULL AUTO_INCREMENT,
  `nama` varchar(255) DEFAULT NULL,
  `username` varchar(20) DEFAULT NULL,
  `email` varchar(255) DEFAULT NULL,
  `password` varchar(255) DEFAULT NULL,
  PRIMARY KEY (`id`)
) ENGINE=InnoDB AUTO_INCREMENT=17 DEFAULT CHARSET=utf8mb4;

/*Data for the table `tb_admin` */

insert  into `tb_admin`(`id`,`nama`,`username`,`email`,`password`) values 
(16,'Admin','admin','admin@email.com','$2y$10$OGZaQoaKYPK3ya0KqebQEOxKQyWUkJjYC3QYaeCeJA0.krVfCiJm2');

/*Table structure for table `tb_gejala` */

DROP TABLE IF EXISTS `tb_gejala`;

CREATE TABLE `tb_gejala` (
  `id` int(5) NOT NULL AUTO_INCREMENT,
  `kategori_gejala_id` int(5) DEFAULT NULL,
  `gejala` varchar(255) DEFAULT NULL,
  PRIMARY KEY (`id`),
  KEY `kategori_gejala_id` (`kategori_gejala_id`),
  CONSTRAINT `tb_gejala_ibfk_1` FOREIGN KEY (`kategori_gejala_id`) REFERENCES `tb_kategori_gejala` (`id`)
) ENGINE=InnoDB AUTO_INCREMENT=14 DEFAULT CHARSET=utf8mb4;

/*Data for the table `tb_gejala` */

insert  into `tb_gejala`(`id`,`kategori_gejala_id`,`gejala`) values 
(1,1,'demam'),
(2,1,'batuk kering'),
(3,1,'kelelahan'),
(4,2,'sakit dan nyeri'),
(5,2,'sakit tenggorokan'),
(6,2,'diare'),
(7,2,'konjungtivitis'),
(8,2,'sakit kepala'),
(9,2,'kehilangan kemampuan mencium bau'),
(10,2,'ruam pada kulit atau perubahan warna jari tangan atau kaki'),
(11,3,'kesulitan bernafas'),
(12,3,'nyeri atau tekanan di dada'),
(13,3,'kehilangan bicara dan bergerak');

/*Table structure for table `tb_kabupaten` */

DROP TABLE IF EXISTS `tb_kabupaten`;

CREATE TABLE `tb_kabupaten` (
  `id` int(11) NOT NULL AUTO_INCREMENT,
  `nama` varchar(255) DEFAULT NULL,
  PRIMARY KEY (`id`)
) ENGINE=InnoDB AUTO_INCREMENT=12 DEFAULT CHARSET=latin1;

/*Data for the table `tb_kabupaten` */

insert  into `tb_kabupaten`(`id`,`nama`) values 
(1,'Badung'),
(2,'Bangli'),
(3,'Buleleng'),
(4,'Denpasar'),
(5,'Gianyar'),
(6,'Jembrana'),
(7,'Karangasem'),
(8,'Klungkung'),
(9,'Tabanan'),
(10,'Warga Negara Asing'),
(11,'Kabupaten Lainnya');

/*Table structure for table `tb_kategori_gejala` */

DROP TABLE IF EXISTS `tb_kategori_gejala`;

CREATE TABLE `tb_kategori_gejala` (
  `id` int(5) NOT NULL AUTO_INCREMENT,
  `kategori` varchar(30) DEFAULT NULL,
  PRIMARY KEY (`id`)
) ENGINE=InnoDB AUTO_INCREMENT=4 DEFAULT CHARSET=utf8mb4;

/*Data for the table `tb_kategori_gejala` */

insert  into `tb_kategori_gejala`(`id`,`kategori`) values 
(1,'umum'),
(2,'kurang umum'),
(3,'serius');

/*Table structure for table `tb_kecamatan` */

DROP TABLE IF EXISTS `tb_kecamatan`;

CREATE TABLE `tb_kecamatan` (
  `id` int(11) NOT NULL AUTO_INCREMENT,
  `id_kabupaten` int(11) NOT NULL,
  `nama` varchar(255) NOT NULL,
  PRIMARY KEY (`id`)
) ENGINE=InnoDB AUTO_INCREMENT=60 DEFAULT CHARSET=latin1;

/*Data for the table `tb_kecamatan` */

insert  into `tb_kecamatan`(`id`,`id_kabupaten`,`nama`) values 
(1,1,'Abiansemal'),
(2,1,'Kuta'),
(3,1,'Kuta Selatan'),
(4,1,'Kuta Utara'),
(5,1,'Mengwi'),
(6,1,'Petang'),
(7,2,'Bangli'),
(8,2,'Kintamani'),
(9,2,'Susut'),
(10,2,'Tembuku'),
(11,3,'Banjar'),
(12,3,'Buleleng'),
(13,3,'Busungbiu'),
(14,3,'Gerokgak'),
(15,3,'Kubutambahan'),
(16,3,'Sawan'),
(17,3,'Seririt'),
(18,3,'Sukasada'),
(19,3,'Tejakula'),
(20,4,'Denpasar Barat'),
(21,4,'Denpasar Selatan'),
(22,4,'Denpasar Timur'),
(23,4,'Denpasar Utara'),
(24,5,'Blahbatuh'),
(25,5,'Gianyar'),
(26,5,'Payangan'),
(27,5,'Sukawati'),
(28,5,'Tampaksiring'),
(29,5,'Tegallalang'),
(30,5,'Ubud'),
(31,6,'Jembrana'),
(32,6,'Melaya'),
(33,6,'Menddoyo'),
(34,6,'Mendoyo'),
(35,6,'Negara'),
(36,6,'Pekutatan'),
(37,7,'Abang'),
(38,7,'Bebandem'),
(39,7,'Karangasem'),
(40,7,'Kubu'),
(41,7,'Manggis'),
(42,7,'Rendang'),
(43,7,'Selat'),
(44,7,'Sidemen'),
(45,8,'Banjarangkan'),
(46,8,'Banjarankan'),
(47,8,'Dawan'),
(48,8,'Klungkung'),
(49,8,'Nusapenida'),
(50,9,'Baturiti'),
(51,9,'Kediri'),
(52,9,'Kerambitan'),
(53,9,'Marga'),
(54,9,'Penebel'),
(55,9,'Pupuan'),
(56,9,'Selemadeg'),
(57,9,'Selemadeg Barat'),
(58,9,'Selemadeg Timur'),
(59,9,'Tabanan');

/*Table structure for table `tb_kelurahan` */

DROP TABLE IF EXISTS `tb_kelurahan`;

CREATE TABLE `tb_kelurahan` (
  `id` int(11) NOT NULL AUTO_INCREMENT,
  `id_kecamatan` int(11) NOT NULL,
  `nama` varchar(255) NOT NULL,
  PRIMARY KEY (`id`)
) ENGINE=InnoDB AUTO_INCREMENT=713 DEFAULT CHARSET=latin1;

/*Data for the table `tb_kelurahan` */

insert  into `tb_kelurahan`(`id`,`id_kecamatan`,`nama`) values 
(1,1,'Abiansemal'),
(2,1,'Angantaka'),
(3,1,'Ayunan'),
(4,1,'Blahkiuh'),
(5,1,'Bongkasa'),
(6,1,'Bongkasa Pertiwi'),
(7,1,'Darmasaba'),
(8,1,'Dauh Yeh Cani'),
(9,1,'Jagapati'),
(10,1,'Mambal'),
(11,1,'Mekar Bhuwana'),
(12,1,'Punggul'),
(13,1,'Sangeh'),
(14,1,'Sedang'),
(15,1,'Selat'),
(16,1,'Sibang Gede'),
(17,1,'Sibang Kaja'),
(18,1,'Taman'),
(19,2,'Kedonganan'),
(20,2,'Kuta'),
(21,2,'Legian'),
(22,2,'Seminyak'),
(23,2,'Tuban'),
(24,3,'Benoa'),
(25,3,'Jimbaran'),
(26,3,'Kutuh'),
(27,3,'Pecatu'),
(28,3,'Tanjung Benoa'),
(29,3,'Ungasan'),
(30,4,'Canggu'),
(31,4,'Dalung'),
(32,4,'Kerobokan'),
(33,4,'Kerobokan Kaja'),
(34,4,'Kerobokan Kelod'),
(35,4,'Tibubeneng'),
(36,5,'Abianbase'),
(37,5,'Baha'),
(38,5,'Buduk'),
(39,5,'Cemagi'),
(40,5,'Gulingan'),
(41,5,'Kapal'),
(42,5,'Kekeran'),
(43,5,'Kuwum'),
(44,5,'Lukluk'),
(45,5,'Mengwi'),
(46,5,'Mengwitani'),
(47,5,'Munggu'),
(48,5,'Penarungan'),
(49,5,'Pererenan'),
(50,5,'Sading'),
(51,5,'Sembung'),
(52,5,'Sempidi'),
(53,5,'Sobangan'),
(54,5,'Tumbak Bayuh'),
(55,5,'Werdi Bhuwana'),
(56,6,'Belok'),
(57,6,'Carangsari'),
(58,6,'Getasan'),
(59,6,'Pangsan'),
(60,6,'Pelaga'),
(61,6,'Petang'),
(62,6,'Sulangai'),
(63,7,'Bebalang'),
(64,7,'Bunutin'),
(65,7,'Cempaga'),
(66,7,'Kawan'),
(67,7,'Kayubihi'),
(68,7,'Kubu'),
(69,7,'Landih'),
(70,7,'Pengotan'),
(71,7,'Taman Bali'),
(72,8,'Abang Batu Dinding'),
(73,8,'Abang Songan'),
(74,8,'Abuan'),
(75,8,'Awan'),
(76,8,'Bantang'),
(77,8,'Banua'),
(78,8,'Batukaang'),
(79,8,'Batur Selatan'),
(80,8,'Batur Tengah'),
(81,8,'Batur Utara'),
(82,8,'Bayungcerik'),
(83,8,'Bayunggede'),
(84,8,'Belancan'),
(85,8,'Belandingan'),
(86,8,'Belanga'),
(87,8,'Belantih'),
(88,8,'Binyan'),
(89,8,'Bonyoh'),
(90,8,'Buahan'),
(91,8,'Bunutin'),
(92,8,'Catur'),
(93,8,'Daup'),
(94,8,'Dausa'),
(95,8,'Gunungbau'),
(96,8,'Katung'),
(97,8,'Kedisan'),
(98,8,'Kintamani'),
(99,8,'Kutuh'),
(100,8,'Langgahan'),
(101,8,'Lembean'),
(102,8,'Mangguh'),
(103,8,'Manikliyu'),
(104,8,'Mengani'),
(105,8,'Pengejaran'),
(106,8,'Pinggan'),
(107,8,'Satra'),
(108,8,'Sekaan'),
(109,8,'Sekardadi'),
(110,8,'Selulung'),
(111,8,'Serahi'),
(112,8,'Siyakin'),
(113,8,'Songan A'),
(114,8,'Songan B'),
(115,8,'Subaya'),
(116,8,'Sukawana'),
(117,8,'Suter'),
(118,8,'Terunyan'),
(119,8,'Ulian'),
(120,9,'Abuan'),
(121,9,'Apuan'),
(122,9,'Demulih'),
(123,9,'Pengiangan'),
(124,9,'Penglumbaran'),
(125,9,'Selat'),
(126,9,'Sulahan'),
(127,9,'Susut'),
(128,9,'Tiga'),
(129,10,'Bangbang'),
(130,10,'Jehem'),
(131,10,'Peninjoan'),
(132,10,'Tembuku'),
(133,10,'Undisan'),
(134,10,'Yangapi'),
(135,11,'Banjar'),
(136,11,'Banjar Tegeha'),
(137,11,'Banyuatis'),
(138,11,'Banyusri'),
(139,11,'Cempaga'),
(140,11,'Dencarik'),
(141,11,'Gesing'),
(142,11,'Gobleg'),
(143,11,'Kaliasem'),
(144,11,'Kayuputih'),
(145,11,'Munduk'),
(146,11,'Pedawa'),
(147,11,'Sidetapa'),
(148,11,'Tampekan'),
(149,11,'Temukus'),
(150,11,'Tigawasa'),
(151,11,'Tirtasari'),
(152,12,'Alasangker'),
(153,12,'Anturan'),
(154,12,'Astina'),
(155,12,'Baktiseraga'),
(156,12,'Banjar Bali'),
(157,12,'Banjar Jawa'),
(158,12,'Banjar Tegal'),
(159,12,'Banyuasri'),
(160,12,'Banyuning'),
(161,12,'Beratan'),
(162,12,'Jinengdalem'),
(163,12,'Kaliuntu'),
(164,12,'Kampung Anyar'),
(165,12,'Kampung Baru'),
(166,12,'Kampung Bugis'),
(167,12,'Kampung Kajanan'),
(168,12,'Kampung Singaraja'),
(169,12,'Kendran'),
(170,12,'Liligundi'),
(171,12,'Nagasepaha'),
(172,12,'Paket Agung'),
(173,12,'Pemaron'),
(174,12,'Penarukan'),
(175,12,'Penglatan'),
(176,12,'Petandakan'),
(177,12,'Poh Bergong'),
(178,12,'Sari Mekar'),
(179,12,'Tukadmungga'),
(180,13,'Bengkel'),
(181,13,'Bongancina'),
(182,13,'Busungbiu'),
(183,13,'Kedis'),
(184,13,'Kekeran'),
(185,13,'Pelapuan'),
(186,13,'Pucaksari'),
(187,13,'Sepang'),
(188,13,'Sepang Kelod'),
(189,13,'Subuk'),
(190,13,'Telaga'),
(191,13,'Tinggarsari'),
(192,13,'Tista'),
(193,13,'Titab'),
(194,13,'Umejero'),
(195,14,'Banyupoh'),
(196,14,'Celukan Bawang'),
(197,14,'Gerokgak'),
(198,14,'Musi'),
(199,14,'Patas'),
(200,14,'Pejarakan'),
(201,14,'Pemuteran'),
(202,14,'Pengulon'),
(203,14,'Penyabangan'),
(204,14,'Sanggalangit'),
(205,14,'Sumber Klampok'),
(206,14,'Sumberkima'),
(207,14,'Tinga Tinga'),
(208,14,'Tukad Sumaga'),
(209,15,'Bengkala'),
(210,15,'Bila'),
(211,15,'Bontihing'),
(212,15,'Bukti'),
(213,15,'Bulian'),
(214,15,'Depeha'),
(215,15,'Kubutambahan'),
(216,15,'Mengening'),
(217,15,'Pakisan'),
(218,15,'Tajun'),
(219,15,'Tambakan'),
(220,15,'Tamblang'),
(221,15,'Tunjung'),
(222,16,'Bebetin'),
(223,16,'Bungkulan'),
(224,16,'Galungan'),
(225,16,'Giri Emas'),
(226,16,'Jagaraga'),
(227,16,'Kerobokan'),
(228,16,'Lemukih'),
(229,16,'Menyali'),
(230,16,'Sangsit'),
(231,16,'Sawan'),
(232,16,'Sekumpul'),
(233,16,'Sinabun'),
(234,16,'Sudaji'),
(235,16,'Suwug'),
(236,17,'Banjar Asem'),
(237,17,'Bestala'),
(238,17,'Bubunan'),
(239,17,'Gunungsari'),
(240,17,'Joanyar'),
(241,17,'Kalianget'),
(242,17,'Kalisada'),
(243,17,'Lokapaksa'),
(244,17,'Mayong'),
(245,17,'Munduk Bestala'),
(246,17,'Pangkungparuk'),
(247,17,'Patemon'),
(248,17,'Pengastulan'),
(249,17,'Rangdu'),
(250,17,'Ringdikit'),
(251,17,'Seririt'),
(252,17,'Sulanyah'),
(253,17,'Tangguwisia'),
(254,17,'Ularan'),
(255,17,'Umeanyar'),
(256,17,'Unggahan'),
(257,18,'Ambengan'),
(258,18,'Gitgit'),
(259,18,'Kayuputih'),
(260,18,'Padangbulia'),
(261,18,'Pancasari'),
(262,18,'Panji'),
(263,18,'Panji Anom'),
(264,18,'Pegadungan'),
(265,18,'Pegayaman'),
(266,18,'Sambangan'),
(267,18,'Selat'),
(268,18,'Silangjana'),
(269,18,'Sukasada'),
(270,18,'Tegal Linggah'),
(271,18,'Wanagiri'),
(272,19,'Bondalem'),
(273,19,'Julah'),
(274,19,'Les'),
(275,19,'Madenan'),
(276,19,'Pacung'),
(277,19,'Penuktukan'),
(278,19,'Sambirenteng'),
(279,19,'Sembiran'),
(280,19,'Tejakula'),
(281,19,'Tembok'),
(282,20,'Dauh Puri'),
(283,20,'Dauh Puri Kangin'),
(284,20,'Dauh Puri Kauh'),
(285,20,'Dauh Puri Klod'),
(286,20,'Padangsambian'),
(287,20,'Padangsambian Kaja'),
(288,20,'Padangsambian Klod'),
(289,20,'Pemecutan'),
(290,20,'Pemecutan Klod'),
(291,20,'Tegal Harum'),
(292,20,'Tegal Kertha'),
(293,21,'Panjer'),
(294,21,'Pedungan'),
(295,21,'Pemogan'),
(296,21,'Renon'),
(297,21,'Sanur'),
(298,21,'Sanur Kaja'),
(299,21,'Sanur Kauh'),
(300,21,'Serangan'),
(301,21,'Sesetan'),
(302,21,'Sidakarya'),
(303,22,'Dangin Puri'),
(304,22,'Dangin Puri Klod'),
(305,22,'Kesiman'),
(306,22,'Kesiman Kertalangu'),
(307,22,'Kesiman Petilan'),
(308,22,'Penatih'),
(309,22,'Penatih Dangin Puri'),
(310,22,'Sumerta'),
(311,22,'Sumerta Kaja'),
(312,22,'Sumerta Kauh'),
(313,22,'Sumerta Kelod'),
(314,23,'Dangin Puri Kaja'),
(315,23,'Dangin Puri Kangin'),
(316,23,'Dangin Puri Kauh'),
(317,23,'Dauh Puri Kaja'),
(318,23,'Peguyangan'),
(319,23,'Peguyangan Kaja'),
(320,23,'Peguyangan Kangin'),
(321,23,'Pemecutan Kaja'),
(322,23,'Tonja'),
(323,23,'Ubung'),
(324,23,'Ubung Kaja'),
(325,24,'Bedulu'),
(326,24,'Belega'),
(327,24,'Blahbatuh'),
(328,24,'Bona'),
(329,24,'Buruan'),
(330,24,'Keramas'),
(331,24,'Medahan'),
(332,24,'Pering'),
(333,24,'Saba'),
(334,25,'Abianbase'),
(335,25,'Bakbakan'),
(336,25,'Beng'),
(337,25,'Bitera'),
(338,25,'Gianyar'),
(339,25,'Lebih'),
(340,25,'Petak'),
(341,25,'Petak Kaja'),
(342,25,'Samplangan'),
(343,25,'Serongga'),
(344,25,'Siangan'),
(345,25,'Sidan'),
(346,25,'Sumita'),
(347,25,'Suwat'),
(348,25,'Tegal Tugu'),
(349,25,'Temesi'),
(350,25,'Tulikup'),
(351,26,'Beresela'),
(352,26,'Buahan'),
(353,26,'Buahan Kaja'),
(354,26,'Bukian'),
(355,26,'Kelusa'),
(356,26,'Kerta'),
(357,26,'Melinggih'),
(358,26,'Melinggih Kelod'),
(359,26,'Puhu'),
(360,27,'Batuan'),
(361,27,'Batuan Kaler'),
(362,27,'Batubulan'),
(363,27,'Batubulan Kangin'),
(364,27,'Celuk'),
(365,27,'Guwang'),
(366,27,'Kemenuh'),
(367,27,'Ketewel'),
(368,27,'Singapadu'),
(369,27,'Singapadu Kaler'),
(370,27,'Singapadu Tengah'),
(371,27,'Sukawati'),
(372,28,'Manukaya'),
(373,28,'Pejeng'),
(374,28,'Pejeng Kaja'),
(375,28,'Pejeng Kangin'),
(376,28,'Pejeng Kawan'),
(377,28,'Pejeng Kelod'),
(378,28,'Sanding'),
(379,28,'Tampaksiring'),
(380,29,'Kedisan'),
(381,29,'Keliki'),
(382,29,'Kenderan'),
(383,29,'Pupuan'),
(384,29,'Sebatu'),
(385,29,'Taro'),
(386,29,'Tegallalang'),
(387,30,'Kedewatan'),
(388,30,'Lodtunduh'),
(389,30,'Mas'),
(390,30,'Peliatan'),
(391,30,'Petulu'),
(392,30,'Sayan'),
(393,30,'Singekerta'),
(394,30,'Ubud'),
(395,31,'Air Kuning'),
(396,31,'Batuagung'),
(397,31,'Budeng'),
(398,31,'Dangin Tukadaya'),
(399,31,'Dauhwaru'),
(400,31,'Loloan Timur'),
(401,31,'Pendem'),
(402,31,'Perancak'),
(403,31,'Sangkaragung'),
(404,31,'Yeh Kuning'),
(405,32,'Blimbingsari'),
(406,32,'Candikusuma'),
(407,32,'Ekasari'),
(408,32,'Gilimanuk'),
(409,32,'Manistutu'),
(410,32,'Melaya'),
(411,32,'Nusa Sari'),
(412,32,'Tukadaya'),
(413,32,'Tuwed'),
(414,32,'Warnasari'),
(415,33,'Yeh Embang Kauh'),
(416,34,'Delod Berawah'),
(417,34,'Mendoyo Dangin Tukad'),
(418,34,'Mendoyo Dauh Tukad'),
(419,34,'Penyaringan'),
(420,34,'Pergung'),
(421,34,'Pohsanten'),
(422,34,'Tegal Cangkring'),
(423,34,'Yeh Embang'),
(424,34,'Yeh Embang Kangin'),
(425,34,'Yeh Sumbul'),
(426,35,'Baler Bale Agung'),
(427,35,'Baluk'),
(428,35,'Banjar Tengah'),
(429,35,'Banyubiru'),
(430,35,'Berangbang'),
(431,35,'Cupel'),
(432,35,'Kaliakah'),
(433,35,'Lelateng'),
(434,35,'Loloan Barat'),
(435,35,'Pengambengan'),
(436,35,'Tegal Badeng Barat'),
(437,35,'Tegal Badeng Timur'),
(438,36,'Asahduren'),
(439,36,'Gumbrih'),
(440,36,'Manggissari'),
(441,36,'Medewi'),
(442,36,'Pangyangan'),
(443,36,'Pekutatan'),
(444,36,'Pengeragoan'),
(445,36,'Pulukan'),
(446,37,'Ababi'),
(447,37,'Abang'),
(448,37,'Bunutan'),
(449,37,'Culik'),
(450,37,'Datah'),
(451,37,'Kerta Mandala'),
(452,37,'Kesimpar'),
(453,37,'Laba Sari'),
(454,37,'Nawakerti'),
(455,37,'Pidpid'),
(456,37,'Purwakerti'),
(457,37,'Tista'),
(458,37,'Tiyingtali'),
(459,37,'Tri Buana'),
(460,38,'Bebandem'),
(461,38,'Bhuana Giri'),
(462,38,'Budakeling'),
(463,38,'Bungaya'),
(464,38,'Bungaya Kangin'),
(465,38,'Jungutan'),
(466,38,'Macang'),
(467,38,'Sibetan'),
(468,39,'Bugbug'),
(469,39,'Bukit'),
(470,39,'Karangasem'),
(471,39,'Padang Kerta'),
(472,39,'Pertima'),
(473,39,'Seraya'),
(474,39,'Seraya Barat'),
(475,39,'Seraya Timur'),
(476,39,'Subagan'),
(477,39,'Tegallinggah'),
(478,39,'Tumbu'),
(479,40,'Ban'),
(480,40,'Baturinggit'),
(481,40,'Dukuh'),
(482,40,'Kubu'),
(483,40,'Sukadana'),
(484,40,'Tianyar'),
(485,40,'Tianyar Barat'),
(486,40,'Tianyar Tengah'),
(487,40,'Tulamben'),
(488,41,'Antiga'),
(489,41,'Antiga Kelod'),
(490,41,'Gegelang'),
(491,41,'Manggis'),
(492,41,'Ngis'),
(493,41,'Nyuh Tebel'),
(494,41,'Padangbai'),
(495,41,'Pesedahan'),
(496,41,'Selumbung'),
(497,41,'Sengkidu'),
(498,41,'Tenganan'),
(499,41,'Ulakan'),
(500,42,'Besakih'),
(501,42,'Menanga'),
(502,42,'Nongan'),
(503,42,'Pempatan'),
(504,42,'Pesaban'),
(505,42,'Rendang'),
(506,43,'Amerta Bhuana'),
(507,43,'Duda'),
(508,43,'Duda Timur'),
(509,43,'Duda Utara'),
(510,43,'Muncan'),
(511,43,'Pering Sari'),
(512,43,'Sebudi'),
(513,43,'Selat'),
(514,44,'Kertha Buana'),
(515,44,'Loka Sari'),
(516,44,'Sangkan Gunung'),
(517,44,'Sidemen'),
(518,44,'Sindu Wati'),
(519,44,'Talibeng'),
(520,44,'Tangkup'),
(521,44,'Telaga Tawang'),
(522,44,'Tri Eka Buana'),
(523,44,'Wisma Kerta'),
(524,45,'Bakas'),
(525,45,'Banjarangkan'),
(526,45,'Getakan'),
(527,45,'Negari'),
(528,45,'Nyalian'),
(529,45,'Takmung'),
(530,45,'Tihingan'),
(531,45,'Tusan'),
(532,46,'Aan'),
(533,46,'Bungbungan'),
(534,46,'Nyanglan'),
(535,46,'Timuhun'),
(536,46,'Tohpati'),
(537,47,'Besan'),
(538,47,'Dawan Kaler'),
(539,47,'Dawan Klod'),
(540,47,'Gunaksa'),
(541,47,'Kampung Kusamba'),
(542,47,'Kusamba'),
(543,47,'Paksebali'),
(544,47,'Pesinggahan'),
(545,47,'Pikat'),
(546,47,'Sampalan Klod'),
(547,47,'Sampalan Tengah'),
(548,47,'Sulang'),
(549,48,'Akah'),
(550,48,'Gelgel'),
(551,48,'Jumpai'),
(552,48,'Kamasan'),
(553,48,'Kampung Gelgel'),
(554,48,'Manduang'),
(555,48,'Satra'),
(556,48,'Selat'),
(557,48,'Selisihan'),
(558,48,'Semarapura Kaja'),
(559,48,'Semarapura Kangin'),
(560,48,'Semarapura Kauh'),
(561,48,'Semarapura Kelod'),
(562,48,'Semarapura Kelod Kangin'),
(563,48,'Semarapura Tengah'),
(564,48,'Tangkas'),
(565,48,'Tegak'),
(566,48,'Tojan'),
(567,49,'Batukandik'),
(568,49,'Batumadeg'),
(569,49,'Batununggul'),
(570,49,'Bunga Mekar'),
(571,49,'Jungutbatu'),
(572,49,'Kampung Toyapakeh'),
(573,49,'Klumpu'),
(574,49,'Kutampi'),
(575,49,'Kutampi Kaler'),
(576,49,'Lembongan'),
(577,49,'Ped'),
(578,49,'Pejukutan'),
(579,49,'Sakti'),
(580,49,'Sekartaji'),
(581,49,'Suana'),
(582,49,'Tanglad'),
(583,50,'Angseri'),
(584,50,'Antapan'),
(585,50,'Apuan'),
(586,50,'Bangli'),
(587,50,'Batunya'),
(588,50,'Baturiti'),
(589,50,'Candikuning'),
(590,50,'Luwus'),
(591,50,'Mekarsari'),
(592,50,'Perean'),
(593,50,'Perean Kangin'),
(594,50,'Perean Tengah'),
(595,51,'Abian Tuwung'),
(596,51,'Banjar Anyar'),
(597,51,'Belalang'),
(598,51,'Bengkel'),
(599,51,'Beraban'),
(600,51,'Cepaka'),
(601,51,'Kaba-kaba'),
(602,51,'Kediri'),
(603,51,'Nyambu'),
(604,51,'Nyitdah'),
(605,51,'Pandak Bandung'),
(606,51,'Pandak Gede'),
(607,51,'Pangkung Tibah'),
(608,51,'Pejaten'),
(609,52,'Batuaji'),
(610,52,'Baturiti'),
(611,52,'Belumbang'),
(612,52,'Kelating'),
(613,52,'Kerambitan'),
(614,52,'Kesiut'),
(615,52,'Kukuh'),
(616,52,'Meliling'),
(617,52,'Pangkung Karung'),
(618,52,'Penarukan'),
(619,52,'Samsam'),
(620,52,'Sembung Gede'),
(621,52,'Tibubiyu'),
(622,52,'Timpag'),
(623,52,'Tista'),
(624,53,'Batannyuh'),
(625,53,'Beringkit'),
(626,53,'Caubelayu'),
(627,53,'Dajan Puri'),
(628,53,'Dauh Puri'),
(629,53,'Geluntung'),
(630,53,'Kukuh'),
(631,53,'Kuwum'),
(632,53,'Marga'),
(633,53,'Payangan'),
(634,53,'Peken Belayu'),
(635,53,'Petiga'),
(636,53,'Selanbawak'),
(637,53,'Tegaljadi'),
(638,53,'Tua'),
(639,54,'Babahan'),
(640,54,'Biaung'),
(641,54,'Buruan'),
(642,54,'Jatiluwih'),
(643,54,'Jegu'),
(644,54,'Mengeste'),
(645,54,'Penatahan'),
(646,54,'Penebel'),
(647,54,'Pesagi'),
(648,54,'Pitra'),
(649,54,'Rejasa'),
(650,54,'Riang Gede'),
(651,54,'Sangketan'),
(652,54,'Senganan'),
(653,54,'Tajen'),
(654,54,'Tegalinggah'),
(655,54,'Tengkudak'),
(656,54,'Wongaya Gede'),
(657,55,'Bantiran'),
(658,55,'Batungsel'),
(659,55,'Belatungan'),
(660,55,'Belimbing'),
(661,55,'Jelijih Punggang'),
(662,55,'Karya Sari'),
(663,55,'Kebon Padangan'),
(664,55,'Munduk Temu'),
(665,55,'Padangan'),
(666,55,'Pajahan'),
(667,55,'Pujungan'),
(668,55,'Pupuan'),
(669,55,'Sanda'),
(670,56,'Antap'),
(671,56,'Bajera'),
(672,56,'Bajera Utara'),
(673,56,'Berembeng'),
(674,56,'Manikyang'),
(675,56,'Pupuan Sawah'),
(676,56,'Selemadeg'),
(677,56,'Serampingan'),
(678,56,'Wanagiri'),
(679,56,'Wanagiri Kauh'),
(680,57,'Angkah'),
(681,57,'Antosari'),
(682,57,'Bengkel Sari'),
(683,57,'Lalang Linggah'),
(684,57,'Lumbung'),
(685,57,'Lumbung Kauh'),
(686,57,'Mundeh'),
(687,57,'Mundeh Kangin'),
(688,57,'Mundeh Kauh'),
(689,57,'Selabih'),
(690,57,'Tiying Gading'),
(691,58,'Bantas'),
(692,58,'Beraban'),
(693,58,'Dalang'),
(694,58,'Gadung Sari'),
(695,58,'Gadungan'),
(696,58,'Gunung Salak'),
(697,58,'Mambang'),
(698,58,'Megati'),
(699,58,'Tangguntiti'),
(700,58,'Tegal Mengkeb'),
(701,59,'Bongan'),
(702,59,'Buahan'),
(703,59,'Dajan Peken'),
(704,59,'Dauh Peken'),
(705,59,'Delod Peken'),
(706,59,'Denbantas'),
(707,59,'Gubug'),
(708,59,'Sesandan'),
(709,59,'Subamia'),
(710,59,'Sudimara'),
(711,59,'Tunjuk'),
(712,59,'Wanasari');

/*Table structure for table `tb_news` */

DROP TABLE IF EXISTS `tb_news`;

CREATE TABLE `tb_news` (
  `id` int(10) NOT NULL AUTO_INCREMENT,
  `admin_id` int(5) DEFAULT NULL,
  `judul` varchar(255) DEFAULT NULL,
  `deskripsi` text DEFAULT NULL,
  `foto` text DEFAULT NULL,
  `click` int(10) DEFAULT NULL,
  `tanggal` date DEFAULT NULL,
  PRIMARY KEY (`id`),
  KEY `admin_id` (`admin_id`),
  CONSTRAINT `tb_news_ibfk_1` FOREIGN KEY (`admin_id`) REFERENCES `tb_admin` (`id`)
) ENGINE=InnoDB AUTO_INCREMENT=3 DEFAULT CHARSET=utf8mb4;

/*Data for the table `tb_news` */

insert  into `tb_news`(`id`,`admin_id`,`judul`,`deskripsi`,`foto`,`click`,`tanggal`) values 
(1,16,'Ada Monyet Nyangkut di Pohon Pisang Goreng Keju','Ini Deskripsi Ya Bambang','https://res.cloudinary.com/randomize721/image/upload/v1592911004/ayr9mogcthgaakebr3wr.jpg',0,'2020-06-23');

/*Table structure for table `tb_persebaran` */

DROP TABLE IF EXISTS `tb_persebaran`;

CREATE TABLE `tb_persebaran` (
  `id` bigint(20) NOT NULL AUTO_INCREMENT,
  `id_kabupaten` int(11) NOT NULL,
  `id_kecamatan` int(11) NOT NULL,
  `id_kelurahan` int(11) NOT NULL,
  `tgl` date NOT NULL,
  `level` tinyint(4) NOT NULL,
  `ppln` int(11) NOT NULL,
  `ppdn` int(11) NOT NULL,
  `tl` int(11) NOT NULL,
  `lainnya` int(11) NOT NULL,
  `perawatan` int(11) NOT NULL,
  `sembuh` int(11) NOT NULL,
  `meninggal` int(11) NOT NULL,
  PRIMARY KEY (`id`)
) ENGINE=InnoDB AUTO_INCREMENT=35916 DEFAULT CHARSET=latin1;

/*Data for the table `tb_persebaran` */

insert  into `tb_persebaran`(`id`,`id_kabupaten`,`id_kecamatan`,`id_kelurahan`,`tgl`,`level`,`ppln`,`ppdn`,`tl`,`lainnya`,`perawatan`,`sembuh`,`meninggal`) values 
(33465,1,1,1,'2020-06-17',0,0,0,0,0,0,0,0),
(33466,1,1,2,'2020-06-17',4,0,0,1,0,1,0,0),
(33467,1,1,3,'2020-06-17',4,0,0,9,0,5,4,0),
(33468,1,1,4,'2020-06-17',0,0,0,0,0,0,0,0),
(33469,1,1,5,'2020-06-17',0,0,0,0,0,0,0,0),
(33470,1,1,6,'2020-06-17',0,0,0,0,0,0,0,0),
(33471,1,1,7,'2020-06-17',0,0,0,0,0,0,0,0),
(33472,1,1,8,'2020-06-17',0,0,0,0,0,0,0,0),
(33473,1,1,9,'2020-06-17',4,0,0,6,0,4,1,1),
(33474,1,1,10,'2020-06-17',0,0,0,0,0,0,0,0),
(33475,1,1,11,'2020-06-17',0,0,0,0,0,0,0,0),
(33476,1,1,12,'2020-06-17',0,0,0,0,0,0,0,0),
(33477,1,1,13,'2020-06-17',1,1,0,0,0,0,1,0),
(33478,1,1,14,'2020-06-17',0,0,0,0,0,0,0,0),
(33479,1,1,15,'2020-06-17',0,0,0,0,0,0,0,0),
(33480,1,1,16,'2020-06-17',4,1,0,1,0,1,1,0),
(33481,1,1,17,'2020-06-17',0,0,0,0,0,0,0,0),
(33482,1,1,18,'2020-06-17',0,0,0,0,0,0,0,0),
(33483,1,2,19,'2020-06-17',0,0,0,0,0,0,0,0),
(33484,1,2,20,'2020-06-17',4,0,0,1,0,1,0,0),
(33485,1,2,21,'2020-06-17',4,0,0,1,0,1,0,0),
(33486,1,2,22,'2020-06-17',4,0,0,1,0,1,0,0),
(33487,1,2,23,'2020-06-17',1,0,0,1,0,0,1,0),
(33488,1,3,24,'2020-06-17',1,3,0,0,0,0,3,0),
(33489,1,3,25,'2020-06-17',4,3,1,14,0,5,13,0),
(33490,1,3,26,'2020-06-17',0,0,0,0,0,0,0,0),
(33491,1,3,27,'2020-06-17',0,0,0,0,0,0,0,0),
(33492,1,3,28,'2020-06-17',0,0,0,0,0,0,0,0),
(33493,1,3,29,'2020-06-17',1,1,1,1,0,0,3,0),
(33494,1,4,30,'2020-06-17',4,0,0,4,0,1,3,0),
(33495,1,4,31,'2020-06-17',4,3,0,7,0,3,7,0),
(33496,1,4,32,'2020-06-17',0,0,0,0,0,0,0,0),
(33497,1,4,33,'2020-06-17',4,2,0,6,0,5,3,0),
(33498,1,4,34,'2020-06-17',1,0,1,1,0,0,2,0),
(33499,1,4,35,'2020-06-17',4,2,0,4,0,4,2,0),
(33500,1,5,36,'2020-06-17',1,2,0,1,0,0,3,0),
(33501,1,5,37,'2020-06-17',4,0,0,2,0,1,1,0),
(33502,1,5,38,'2020-06-17',1,1,0,0,0,0,1,0),
(33503,1,5,39,'2020-06-17',0,0,0,0,0,0,0,0),
(33504,1,5,40,'2020-06-17',0,0,0,0,0,0,0,0),
(33505,1,5,41,'2020-06-17',0,0,0,0,0,0,0,0),
(33506,1,5,42,'2020-06-17',0,0,0,0,0,0,0,0),
(33507,1,5,43,'2020-06-17',0,0,0,0,0,0,0,0),
(33508,1,5,44,'2020-06-17',2,1,0,0,0,1,0,0),
(33509,1,5,45,'2020-06-17',4,0,0,1,0,1,0,0),
(33510,1,5,46,'2020-06-17',0,0,0,0,0,0,0,0),
(33511,1,5,47,'2020-06-17',0,0,0,0,0,0,0,0),
(33512,1,5,48,'2020-06-17',0,0,0,0,0,0,0,0),
(33513,1,5,49,'2020-06-17',1,1,0,0,0,0,1,0),
(33514,1,5,50,'2020-06-17',4,0,0,1,0,1,0,0),
(33515,1,5,51,'2020-06-17',0,0,0,0,0,0,0,0),
(33516,1,5,52,'2020-06-17',0,0,0,0,0,0,0,0),
(33517,1,5,53,'2020-06-17',1,1,0,0,0,0,1,0),
(33518,1,5,54,'2020-06-17',0,0,0,0,0,0,0,0),
(33519,1,5,55,'2020-06-17',1,0,0,17,0,0,16,1),
(33520,1,6,56,'2020-06-17',0,0,0,0,0,0,0,0),
(33521,1,6,57,'2020-06-17',1,1,0,0,0,0,1,0),
(33522,1,6,58,'2020-06-17',0,0,0,0,0,0,0,0),
(33523,1,6,59,'2020-06-17',0,0,0,0,0,0,0,0),
(33524,1,6,60,'2020-06-17',0,0,0,0,0,0,0,0),
(33525,1,6,61,'2020-06-17',0,0,0,0,0,0,0,0),
(33526,1,6,62,'2020-06-17',1,1,0,0,0,0,1,0),
(33527,2,7,63,'2020-06-17',1,1,1,0,0,0,2,0),
(33528,2,7,64,'2020-06-17',0,0,0,0,0,0,0,0),
(33529,2,7,65,'2020-06-17',4,1,0,6,0,1,6,0),
(33530,2,7,66,'2020-06-17',1,2,1,1,0,0,4,0),
(33531,2,7,67,'2020-06-17',0,0,0,0,0,0,0,0),
(33532,2,7,68,'2020-06-17',1,2,0,0,0,0,2,0),
(33533,2,7,69,'2020-06-17',0,0,0,0,0,0,0,0),
(33534,2,7,70,'2020-06-17',0,0,0,0,0,0,0,0),
(33535,2,7,71,'2020-06-17',4,3,0,16,0,2,17,0),
(33536,2,8,72,'2020-06-17',0,0,0,0,0,0,0,0),
(33537,2,8,73,'2020-06-17',0,0,0,0,0,0,0,0),
(33538,2,8,74,'2020-06-17',0,0,0,0,0,0,0,0),
(33539,2,8,75,'2020-06-17',0,0,0,0,0,0,0,0),
(33540,2,8,76,'2020-06-17',0,0,0,0,0,0,0,0),
(33541,2,8,77,'2020-06-17',0,0,0,0,0,0,0,0),
(33542,2,8,78,'2020-06-17',1,1,0,0,0,0,1,0),
(33543,2,8,79,'2020-06-17',1,1,0,0,0,0,1,0),
(33544,2,8,80,'2020-06-17',1,1,0,0,0,0,1,0),
(33545,2,8,81,'2020-06-17',0,0,0,0,0,0,0,0),
(33546,2,8,82,'2020-06-17',0,0,0,0,0,0,0,0),
(33547,2,8,83,'2020-06-17',0,0,0,0,0,0,0,0),
(33548,2,8,84,'2020-06-17',0,0,0,0,0,0,0,0),
(33549,2,8,85,'2020-06-17',0,0,0,0,0,0,0,0),
(33550,2,8,86,'2020-06-17',1,1,0,1,0,0,2,0),
(33551,2,8,87,'2020-06-17',0,0,0,0,0,0,0,0),
(33552,2,8,88,'2020-06-17',0,0,0,0,0,0,0,0),
(33553,2,8,89,'2020-06-17',0,0,0,0,0,0,0,0),
(33554,2,8,90,'2020-06-17',0,0,0,0,0,0,0,0),
(33555,2,8,91,'2020-06-17',1,1,0,0,0,0,1,0),
(33556,2,8,92,'2020-06-17',1,1,0,0,0,0,1,0),
(33557,2,8,93,'2020-06-17',0,0,0,0,0,0,0,0),
(33558,2,8,94,'2020-06-17',0,0,0,0,0,0,0,0),
(33559,2,8,95,'2020-06-17',0,0,0,0,0,0,0,0),
(33560,2,8,96,'2020-06-17',0,0,0,0,0,0,0,0),
(33561,2,8,97,'2020-06-17',0,0,0,0,0,0,0,0),
(33562,2,8,98,'2020-06-17',0,0,0,0,0,0,0,0),
(33563,2,8,99,'2020-06-17',0,0,0,0,0,0,0,0),
(33564,2,8,100,'2020-06-17',0,0,0,0,0,0,0,0),
(33565,2,8,101,'2020-06-17',0,0,0,0,0,0,0,0),
(33566,2,8,102,'2020-06-17',0,0,0,0,0,0,0,0),
(33567,2,8,103,'2020-06-17',0,0,0,0,0,0,0,0),
(33568,2,8,104,'2020-06-17',0,0,0,0,0,0,0,0),
(33569,2,8,105,'2020-06-17',0,0,0,0,0,0,0,0),
(33570,2,8,106,'2020-06-17',0,0,0,0,0,0,0,0),
(33571,2,8,107,'2020-06-17',0,0,0,0,0,0,0,0),
(33572,2,8,108,'2020-06-17',0,0,0,0,0,0,0,0),
(33573,2,8,109,'2020-06-17',0,0,0,0,0,0,0,0),
(33574,2,8,110,'2020-06-17',1,1,1,0,0,0,2,0),
(33575,2,8,111,'2020-06-17',0,0,0,0,0,0,0,0),
(33576,2,8,112,'2020-06-17',0,0,0,0,0,0,0,0),
(33577,2,8,113,'2020-06-17',0,0,0,0,0,0,0,0),
(33578,2,8,114,'2020-06-17',1,1,0,0,0,0,1,0),
(33579,2,8,115,'2020-06-17',0,0,0,0,0,0,0,0),
(33580,2,8,116,'2020-06-17',0,0,0,0,0,0,0,0),
(33581,2,8,117,'2020-06-17',0,0,0,0,0,0,0,0),
(33582,2,8,118,'2020-06-17',0,0,0,0,0,0,0,0),
(33583,2,8,119,'2020-06-17',0,0,0,0,0,0,0,0),
(33584,2,9,120,'2020-06-17',4,14,0,17,0,1,30,0),
(33585,2,9,121,'2020-06-17',1,1,0,0,0,0,1,0),
(33586,2,9,122,'2020-06-17',1,1,0,2,0,0,3,0),
(33587,2,9,123,'2020-06-17',1,1,0,0,0,0,1,0),
(33588,2,9,124,'2020-06-17',0,0,0,0,0,0,0,0),
(33589,2,9,125,'2020-06-17',0,0,0,0,0,0,0,0),
(33590,2,9,126,'2020-06-17',1,5,0,2,0,0,7,0),
(33591,2,9,127,'2020-06-17',1,3,0,0,0,0,3,0),
(33592,2,9,128,'2020-06-17',1,2,0,3,0,0,5,0),
(33593,2,10,129,'2020-06-17',0,0,0,0,0,0,0,0),
(33594,2,10,130,'2020-06-17',4,2,0,3,0,3,2,0),
(33595,2,10,131,'2020-06-17',1,1,0,0,0,0,1,0),
(33596,2,10,132,'2020-06-17',1,1,0,0,0,0,1,0),
(33597,2,10,133,'2020-06-17',0,0,0,0,0,0,0,0),
(33598,2,10,134,'2020-06-17',1,2,0,0,0,0,2,0),
(33599,3,11,135,'2020-06-17',1,1,0,0,0,0,1,0),
(33600,3,11,136,'2020-06-17',0,0,0,0,0,0,0,0),
(33601,3,11,137,'2020-06-17',1,1,0,0,0,0,1,0),
(33602,3,11,138,'2020-06-17',0,0,0,0,0,0,0,0),
(33603,3,11,139,'2020-06-17',0,0,0,0,0,0,0,0),
(33604,3,11,140,'2020-06-17',0,0,0,0,0,0,0,0),
(33605,3,11,141,'2020-06-17',0,0,0,0,0,0,0,0),
(33606,3,11,142,'2020-06-17',1,1,0,0,0,0,1,0),
(33607,3,11,143,'2020-06-17',1,0,0,1,0,0,1,0),
(33608,3,11,144,'2020-06-17',0,0,0,0,0,0,0,0),
(33609,3,11,145,'2020-06-17',1,1,0,0,0,0,1,0),
(33610,3,11,146,'2020-06-17',0,0,0,0,0,0,0,0),
(33611,3,11,147,'2020-06-17',0,0,0,0,0,0,0,0),
(33612,3,11,148,'2020-06-17',0,0,0,0,0,0,0,0),
(33613,3,11,149,'2020-06-17',0,0,0,0,0,0,0,0),
(33614,3,11,150,'2020-06-17',0,0,0,0,0,0,0,0),
(33615,3,11,151,'2020-06-17',0,0,0,0,0,0,0,0),
(33616,3,12,152,'2020-06-17',0,0,0,0,0,0,0,0),
(33617,3,12,153,'2020-06-17',1,1,0,0,0,0,1,0),
(33618,3,12,154,'2020-06-17',0,0,0,0,0,0,0,0),
(33619,3,12,155,'2020-06-17',4,0,0,2,0,1,1,0),
(33620,3,12,156,'2020-06-17',0,0,0,0,0,0,0,0),
(33621,3,12,157,'2020-06-17',3,2,0,0,0,1,1,0),
(33622,3,12,158,'2020-06-17',4,0,0,3,0,2,1,0),
(33623,3,12,159,'2020-06-17',0,0,0,0,0,0,0,0),
(33624,3,12,160,'2020-06-17',4,0,0,2,0,1,1,0),
(33625,3,12,161,'2020-06-17',1,1,0,0,0,0,1,0),
(33626,3,12,162,'2020-06-17',0,0,0,0,0,0,0,0),
(33627,3,12,163,'2020-06-17',0,0,0,0,0,0,0,0),
(33628,3,12,164,'2020-06-17',0,0,0,0,0,0,0,0),
(33629,3,12,165,'2020-06-17',1,0,1,0,0,0,1,0),
(33630,3,12,166,'2020-06-17',0,0,0,0,0,0,0,0),
(33631,3,12,167,'2020-06-17',0,0,0,0,0,0,0,0),
(33632,3,12,168,'2020-06-17',0,0,0,0,0,0,0,0),
(33633,3,12,169,'2020-06-17',4,0,0,2,0,2,0,0),
(33634,3,12,170,'2020-06-17',0,0,0,0,0,0,0,0),
(33635,3,12,171,'2020-06-17',0,0,0,0,0,0,0,0),
(33636,3,12,172,'2020-06-17',0,0,0,0,0,0,0,0),
(33637,3,12,173,'2020-06-17',0,0,0,0,0,0,0,0),
(33638,3,12,174,'2020-06-17',0,0,0,0,0,0,0,0),
(33639,3,12,175,'2020-06-17',0,0,0,0,0,0,0,0),
(33640,3,12,176,'2020-06-17',0,0,0,0,0,0,0,0),
(33641,3,12,177,'2020-06-17',0,0,0,0,0,0,0,0),
(33642,3,12,178,'2020-06-17',0,0,0,0,0,0,0,0),
(33643,3,12,179,'2020-06-17',0,0,0,0,0,0,0,0),
(33644,3,13,180,'2020-06-17',0,0,0,0,0,0,0,0),
(33645,3,13,181,'2020-06-17',0,0,0,0,0,0,0,0),
(33646,3,13,182,'2020-06-17',1,1,0,0,0,0,1,0),
(33647,3,13,183,'2020-06-17',0,0,0,0,0,0,0,0),
(33648,3,13,184,'2020-06-17',0,0,0,0,0,0,0,0),
(33649,3,13,185,'2020-06-17',2,1,0,0,0,1,0,0),
(33650,3,13,186,'2020-06-17',1,1,0,0,0,0,1,0),
(33651,3,13,187,'2020-06-17',1,1,0,0,0,0,1,0),
(33652,3,13,188,'2020-06-17',0,0,0,0,0,0,0,0),
(33653,3,13,189,'2020-06-17',0,0,0,0,0,0,0,0),
(33654,3,13,190,'2020-06-17',0,0,0,0,0,0,0,0),
(33655,3,13,191,'2020-06-17',1,1,0,0,0,0,1,0),
(33656,3,13,192,'2020-06-17',0,0,0,0,0,0,0,0),
(33657,3,13,193,'2020-06-17',0,0,0,0,0,0,0,0),
(33658,3,13,194,'2020-06-17',0,0,0,0,0,0,0,0),
(33659,3,14,195,'2020-06-17',0,0,0,0,0,0,0,0),
(33660,3,14,196,'2020-06-17',0,0,0,0,0,0,0,0),
(33661,3,14,197,'2020-06-17',1,0,0,1,0,0,1,0),
(33662,3,14,198,'2020-06-17',0,0,0,0,0,0,0,0),
(33663,3,14,199,'2020-06-17',0,0,0,0,0,0,0,0),
(33664,3,14,200,'2020-06-17',0,0,0,0,0,0,0,0),
(33665,3,14,201,'2020-06-17',1,0,0,6,0,0,6,0),
(33666,3,14,202,'2020-06-17',0,0,0,0,0,0,0,0),
(33667,3,14,203,'2020-06-17',0,0,0,0,0,0,0,0),
(33668,3,14,204,'2020-06-17',2,1,0,0,0,1,0,0),
(33669,3,14,205,'2020-06-17',0,0,0,0,0,0,0,0),
(33670,3,14,206,'2020-06-17',0,0,0,0,0,0,0,0),
(33671,3,14,207,'2020-06-17',0,0,0,0,0,0,0,0),
(33672,3,14,208,'2020-06-17',0,0,0,0,0,0,0,0),
(33673,3,15,209,'2020-06-17',0,0,0,0,0,0,0,0),
(33674,3,15,210,'2020-06-17',0,0,0,0,0,0,0,0),
(33675,3,15,211,'2020-06-17',1,1,1,0,0,0,2,0),
(33676,3,15,212,'2020-06-17',1,1,0,1,0,0,2,0),
(33677,3,15,213,'2020-06-17',1,1,0,0,0,0,1,0),
(33678,3,15,214,'2020-06-17',0,0,0,0,0,0,0,0),
(33679,3,15,215,'2020-06-17',0,0,0,0,0,0,0,0),
(33680,3,15,216,'2020-06-17',0,0,0,0,0,0,0,0),
(33681,3,15,217,'2020-06-17',0,0,0,0,0,0,0,0),
(33682,3,15,218,'2020-06-17',1,2,0,0,0,0,2,0),
(33683,3,15,219,'2020-06-17',0,0,0,0,0,0,0,0),
(33684,3,15,220,'2020-06-17',0,0,0,0,0,0,0,0),
(33685,3,15,221,'2020-06-17',0,0,0,0,0,0,0,0),
(33686,3,16,222,'2020-06-17',0,0,0,0,0,0,0,0),
(33687,3,16,223,'2020-06-17',0,0,0,0,0,0,0,0),
(33688,3,16,224,'2020-06-17',0,0,0,0,0,0,0,0),
(33689,3,16,225,'2020-06-17',0,0,0,0,0,0,0,0),
(33690,3,16,226,'2020-06-17',0,0,0,0,0,0,0,0),
(33691,3,16,227,'2020-06-17',1,0,0,2,0,0,2,0),
(33692,3,16,228,'2020-06-17',0,0,0,0,0,0,0,0),
(33693,3,16,229,'2020-06-17',0,0,0,0,0,0,0,0),
(33694,3,16,230,'2020-06-17',0,0,0,0,0,0,0,0),
(33695,3,16,231,'2020-06-17',0,0,0,0,0,0,0,0),
(33696,3,16,232,'2020-06-17',0,0,0,0,0,0,0,0),
(33697,3,16,233,'2020-06-17',0,0,0,0,0,0,0,0),
(33698,3,16,234,'2020-06-17',0,0,0,0,0,0,0,0),
(33699,3,16,235,'2020-06-17',0,0,0,0,0,0,0,0),
(33700,3,17,236,'2020-06-17',0,0,0,0,0,0,0,0),
(33701,3,17,237,'2020-06-17',1,0,0,1,0,0,1,0),
(33702,3,17,238,'2020-06-17',0,0,0,0,0,0,0,0),
(33703,3,17,239,'2020-06-17',0,0,0,0,0,0,0,0),
(33704,3,17,240,'2020-06-17',1,1,0,0,0,0,1,0),
(33705,3,17,241,'2020-06-17',0,0,0,0,0,0,0,0),
(33706,3,17,242,'2020-06-17',4,0,1,4,0,2,3,0),
(33707,3,17,243,'2020-06-17',4,1,0,2,0,1,2,0),
(33708,3,17,244,'2020-06-17',0,0,0,0,0,0,0,0),
(33709,3,17,245,'2020-06-17',0,0,0,0,0,0,0,0),
(33710,3,17,246,'2020-06-17',1,0,0,3,0,0,3,0),
(33711,3,17,247,'2020-06-17',0,0,0,0,0,0,0,0),
(33712,3,17,248,'2020-06-17',1,1,0,0,0,0,1,0),
(33713,3,17,249,'2020-06-17',0,0,0,0,0,0,0,0),
(33714,3,17,250,'2020-06-17',0,0,0,0,0,0,0,0),
(33715,3,17,251,'2020-06-17',1,2,0,0,0,0,2,0),
(33716,3,17,252,'2020-06-17',0,0,0,0,0,0,0,0),
(33717,3,17,253,'2020-06-17',0,0,0,0,0,0,0,0),
(33718,3,17,254,'2020-06-17',0,0,0,0,0,0,0,0),
(33719,3,17,255,'2020-06-17',0,0,0,0,0,0,0,0),
(33720,3,17,256,'2020-06-17',0,0,0,0,0,0,0,0),
(33721,3,18,257,'2020-06-17',0,0,0,0,0,0,0,0),
(33722,3,18,258,'2020-06-17',0,0,0,0,0,0,0,0),
(33723,3,18,259,'2020-06-17',0,0,0,0,0,0,0,0),
(33724,3,18,260,'2020-06-17',0,0,0,0,0,0,0,0),
(33725,3,18,261,'2020-06-17',1,1,0,0,0,0,1,0),
(33726,3,18,262,'2020-06-17',0,0,0,0,0,0,0,0),
(33727,3,18,263,'2020-06-17',0,0,0,0,0,0,0,0),
(33728,3,18,264,'2020-06-17',1,1,0,0,0,0,1,0),
(33729,3,18,265,'2020-06-17',0,0,0,0,0,0,0,0),
(33730,3,18,266,'2020-06-17',1,1,0,1,0,0,2,0),
(33731,3,18,267,'2020-06-17',1,1,0,0,0,0,1,0),
(33732,3,18,268,'2020-06-17',0,0,0,0,0,0,0,0),
(33733,3,18,269,'2020-06-17',1,0,0,2,0,0,2,0),
(33734,3,18,270,'2020-06-17',0,0,0,0,0,0,0,0),
(33735,3,18,271,'2020-06-17',0,0,0,0,0,0,0,0),
(33736,3,19,272,'2020-06-17',4,0,0,42,0,2,40,0),
(33737,3,19,273,'2020-06-17',1,0,0,1,0,0,1,0),
(33738,3,19,274,'2020-06-17',2,1,0,0,0,1,0,0),
(33739,3,19,275,'2020-06-17',0,0,0,0,0,0,0,0),
(33740,3,19,276,'2020-06-17',0,0,0,0,0,0,0,0),
(33741,3,19,277,'2020-06-17',1,2,0,0,0,0,2,0),
(33742,3,19,278,'2020-06-17',0,0,0,0,0,0,0,0),
(33743,3,19,279,'2020-06-17',4,0,0,1,0,1,0,0),
(33744,3,19,280,'2020-06-17',1,2,0,1,0,0,3,0),
(33745,3,19,281,'2020-06-17',0,0,0,0,0,0,0,0),
(33746,4,20,282,'2020-06-17',4,0,0,1,0,1,0,0),
(33747,4,20,283,'2020-06-17',0,0,0,0,0,0,0,0),
(33748,4,20,284,'2020-06-17',1,0,1,0,0,0,1,0),
(33749,4,20,285,'2020-06-17',4,0,0,6,0,2,4,0),
(33750,4,20,286,'2020-06-17',4,0,0,10,0,10,0,0),
(33751,4,20,287,'2020-06-17',1,0,1,1,0,0,2,0),
(33752,4,20,288,'2020-06-17',4,2,0,13,0,12,3,0),
(33753,4,20,289,'2020-06-17',4,2,0,26,0,24,4,0),
(33754,4,20,290,'2020-06-17',4,0,0,17,0,16,1,0),
(33755,4,20,291,'2020-06-17',4,0,1,3,0,2,2,0),
(33756,4,20,292,'2020-06-17',4,1,0,9,0,9,1,0),
(33757,4,21,293,'2020-06-17',4,3,1,2,0,2,4,0),
(33758,4,21,294,'2020-06-17',4,1,1,1,0,1,2,0),
(33759,4,21,295,'2020-06-17',4,2,1,3,0,2,4,0),
(33760,4,21,296,'2020-06-17',4,1,0,2,0,2,1,0),
(33761,4,21,297,'2020-06-17',1,4,1,2,0,0,7,0),
(33762,4,21,298,'2020-06-17',0,0,0,0,0,0,0,0),
(33763,4,21,299,'2020-06-17',1,0,0,5,0,0,5,0),
(33764,4,21,300,'2020-06-17',1,0,0,2,0,0,2,0),
(33765,4,21,301,'2020-06-17',4,2,0,9,0,7,4,0),
(33766,4,21,302,'2020-06-17',1,0,1,1,0,0,2,0),
(33767,4,22,303,'2020-06-17',4,0,0,1,0,1,0,0),
(33768,4,22,304,'2020-06-17',4,1,1,4,0,3,3,0),
(33769,4,22,305,'2020-06-17',4,2,0,6,0,3,4,1),
(33770,4,22,306,'2020-06-17',4,0,2,3,0,2,3,0),
(33771,4,22,307,'2020-06-17',0,0,0,0,0,0,0,0),
(33772,4,22,308,'2020-06-17',4,3,0,4,0,3,4,0),
(33773,4,22,309,'2020-06-17',1,1,0,0,0,0,1,0),
(33774,4,22,310,'2020-06-17',4,2,0,11,0,8,5,0),
(33775,4,22,311,'2020-06-17',1,1,0,0,0,0,1,0),
(33776,4,22,312,'2020-06-17',0,0,0,0,0,0,0,0),
(33777,4,22,313,'2020-06-17',4,1,1,2,0,2,2,0),
(33778,4,23,314,'2020-06-17',1,1,0,0,0,0,1,0),
(33779,4,23,315,'2020-06-17',4,0,2,4,0,4,2,0),
(33780,4,23,316,'2020-06-17',0,0,0,0,0,0,0,0),
(33781,4,23,317,'2020-06-17',1,0,0,1,0,0,1,0),
(33782,4,23,318,'2020-06-17',4,1,0,4,0,1,4,0),
(33783,4,23,319,'2020-06-17',4,0,0,1,0,1,0,0),
(33784,4,23,320,'2020-06-17',1,0,1,0,0,0,1,0),
(33785,4,23,321,'2020-06-17',4,3,0,12,0,10,5,0),
(33786,4,23,322,'2020-06-17',4,1,0,12,0,4,8,1),
(33787,4,23,323,'2020-06-17',1,0,1,0,0,0,1,0),
(33788,4,23,324,'2020-06-17',4,5,1,5,0,3,8,0),
(33789,5,24,325,'2020-06-17',1,1,1,0,0,0,2,0),
(33790,5,24,326,'2020-06-17',0,0,0,0,0,0,0,0),
(33791,5,24,327,'2020-06-17',0,0,0,0,0,0,0,0),
(33792,5,24,328,'2020-06-17',0,0,0,0,0,0,0,0),
(33793,5,24,329,'2020-06-17',2,1,0,0,0,1,0,0),
(33794,5,24,330,'2020-06-17',0,0,0,0,0,0,0,0),
(33795,5,24,331,'2020-06-17',1,2,0,0,0,0,2,0),
(33796,5,24,332,'2020-06-17',1,1,0,0,0,0,1,0),
(33797,5,24,333,'2020-06-17',1,1,0,0,0,0,1,0),
(33798,5,25,334,'2020-06-17',0,0,0,0,0,0,0,0),
(33799,5,25,335,'2020-06-17',0,0,0,0,0,0,0,0),
(33800,5,25,336,'2020-06-17',0,0,0,0,0,0,0,0),
(33801,5,25,337,'2020-06-17',0,0,0,0,0,0,0,0),
(33802,5,25,338,'2020-06-17',4,0,0,5,0,5,0,0),
(33803,5,25,339,'2020-06-17',0,0,0,0,0,0,0,0),
(33804,5,25,340,'2020-06-17',1,1,0,0,0,0,1,0),
(33805,5,25,341,'2020-06-17',1,1,0,0,0,0,1,0),
(33806,5,25,342,'2020-06-17',4,0,0,5,0,5,0,0),
(33807,5,25,343,'2020-06-17',1,1,0,0,0,0,1,0),
(33808,5,25,344,'2020-06-17',1,1,0,0,0,0,1,0),
(33809,5,25,345,'2020-06-17',0,0,0,0,0,0,0,0),
(33810,5,25,346,'2020-06-17',0,0,0,0,0,0,0,0),
(33811,5,25,347,'2020-06-17',0,0,0,0,0,0,0,0),
(33812,5,25,348,'2020-06-17',4,0,0,1,0,1,0,0),
(33813,5,25,349,'2020-06-17',0,0,0,0,0,0,0,0),
(33814,5,25,350,'2020-06-17',1,0,0,1,0,0,1,0),
(33815,5,26,351,'2020-06-17',0,0,0,0,0,0,0,0),
(33816,5,26,352,'2020-06-17',0,0,0,0,0,0,0,0),
(33817,5,26,353,'2020-06-17',0,0,0,0,0,0,0,0),
(33818,5,26,354,'2020-06-17',0,0,0,0,0,0,0,0),
(33819,5,26,355,'2020-06-17',0,0,0,0,0,0,0,0),
(33820,5,26,356,'2020-06-17',0,0,0,0,0,0,0,0),
(33821,5,26,357,'2020-06-17',0,0,0,0,0,0,0,0),
(33822,5,26,358,'2020-06-17',0,0,0,0,0,0,0,0),
(33823,5,26,359,'2020-06-17',0,0,0,0,0,0,0,0),
(33824,5,27,360,'2020-06-17',1,1,1,0,0,0,2,0),
(33825,5,27,361,'2020-06-17',0,0,0,0,0,0,0,0),
(33826,5,27,362,'2020-06-17',4,3,0,2,0,2,3,0),
(33827,5,27,363,'2020-06-17',1,1,0,0,0,0,1,0),
(33828,5,27,364,'2020-06-17',1,0,0,1,0,0,1,0),
(33829,5,27,365,'2020-06-17',1,0,0,1,0,0,1,0),
(33830,5,27,366,'2020-06-17',4,0,0,1,0,1,0,0),
(33831,5,27,367,'2020-06-17',0,0,0,0,0,0,0,0),
(33832,5,27,368,'2020-06-17',0,0,0,0,0,0,0,0),
(33833,5,27,369,'2020-06-17',0,0,0,0,0,0,0,0),
(33834,5,27,370,'2020-06-17',0,0,0,0,0,0,0,0),
(33835,5,27,371,'2020-06-17',4,1,0,2,0,1,2,0),
(33836,5,28,372,'2020-06-17',1,0,0,1,0,0,1,0),
(33837,5,28,373,'2020-06-17',0,0,0,0,0,0,0,0),
(33838,5,28,374,'2020-06-17',1,2,2,0,0,0,4,0),
(33839,5,28,375,'2020-06-17',0,0,0,0,0,0,0,0),
(33840,5,28,376,'2020-06-17',1,1,0,0,0,0,1,0),
(33841,5,28,377,'2020-06-17',0,0,0,0,0,0,0,0),
(33842,5,28,378,'2020-06-17',0,0,0,0,0,0,0,0),
(33843,5,28,379,'2020-06-17',1,0,1,0,0,0,1,0),
(33844,5,29,380,'2020-06-17',0,0,0,0,0,0,0,0),
(33845,5,29,381,'2020-06-17',0,0,0,0,0,0,0,0),
(33846,5,29,382,'2020-06-17',1,1,0,0,0,0,1,0),
(33847,5,29,383,'2020-06-17',0,0,0,0,0,0,0,0),
(33848,5,29,384,'2020-06-17',0,0,0,0,0,0,0,0),
(33849,5,29,385,'2020-06-17',0,0,0,0,0,0,0,0),
(33850,5,29,386,'2020-06-17',0,0,0,0,0,0,0,0),
(33851,5,30,387,'2020-06-17',1,2,0,0,0,0,2,0),
(33852,5,30,388,'2020-06-17',1,0,1,0,0,0,1,0),
(33853,5,30,389,'2020-06-17',1,1,0,0,0,0,1,0),
(33854,5,30,390,'2020-06-17',4,0,0,1,0,1,0,0),
(33855,5,30,391,'2020-06-17',1,4,0,3,0,0,7,0),
(33856,5,30,392,'2020-06-17',0,0,0,0,0,0,0,0),
(33857,5,30,393,'2020-06-17',0,0,0,0,0,0,0,0),
(33858,5,30,394,'2020-06-17',4,0,0,1,0,1,0,0),
(33859,6,31,395,'2020-06-17',0,0,0,0,0,0,0,0),
(33860,6,31,396,'2020-06-17',0,0,0,0,0,0,0,0),
(33861,6,31,397,'2020-06-17',0,0,0,0,0,0,0,0),
(33862,6,31,398,'2020-06-17',1,1,0,0,0,0,1,0),
(33863,6,31,399,'2020-06-17',1,1,0,0,0,0,1,0),
(33864,6,31,400,'2020-06-17',0,0,0,0,0,0,0,0),
(33865,6,31,401,'2020-06-17',3,2,0,0,0,1,1,0),
(33866,6,31,402,'2020-06-17',1,1,0,0,0,0,1,0),
(33867,6,31,403,'2020-06-17',0,0,0,0,0,0,0,0),
(33868,6,31,404,'2020-06-17',0,0,0,0,0,0,0,0),
(33869,6,32,405,'2020-06-17',0,0,0,0,0,0,0,0),
(33870,6,32,406,'2020-06-17',0,0,0,0,0,0,0,0),
(33871,6,32,407,'2020-06-17',1,1,0,0,0,0,1,0),
(33872,6,32,408,'2020-06-17',1,1,0,0,0,0,1,0),
(33873,6,32,409,'2020-06-17',1,1,0,0,0,0,1,0),
(33874,6,32,410,'2020-06-17',1,2,0,0,0,0,2,0),
(33875,6,32,411,'2020-06-17',0,0,0,0,0,0,0,0),
(33876,6,32,412,'2020-06-17',1,1,0,0,0,0,1,0),
(33877,6,32,413,'2020-06-17',0,0,0,0,0,0,0,0),
(33878,6,32,414,'2020-06-17',0,0,0,0,0,0,0,0),
(33879,6,33,415,'2020-06-17',0,0,0,0,0,0,0,0),
(33880,6,34,416,'2020-06-17',0,0,0,0,0,0,0,0),
(33881,6,34,417,'2020-06-17',2,1,0,0,0,1,0,0),
(33882,6,34,418,'2020-06-17',1,1,0,0,0,0,1,0),
(33883,6,34,419,'2020-06-17',0,0,0,0,0,0,0,0),
(33884,6,34,420,'2020-06-17',4,1,0,1,0,1,1,0),
(33885,6,34,421,'2020-06-17',1,1,0,0,0,0,1,0),
(33886,6,34,422,'2020-06-17',0,0,0,0,0,0,0,0),
(33887,6,34,423,'2020-06-17',0,0,0,0,0,0,0,0),
(33888,6,34,424,'2020-06-17',0,0,0,0,0,0,0,0),
(33889,6,34,425,'2020-06-17',0,0,0,0,0,0,0,0),
(33890,6,35,426,'2020-06-17',4,0,1,1,0,1,1,0),
(33891,6,35,427,'2020-06-17',2,1,0,0,0,1,0,0),
(33892,6,35,428,'2020-06-17',0,0,0,0,0,0,0,0),
(33893,6,35,429,'2020-06-17',0,0,0,0,0,0,0,0),
(33894,6,35,430,'2020-06-17',4,1,0,1,0,1,1,0),
(33895,6,35,431,'2020-06-17',0,0,0,0,0,0,0,0),
(33896,6,35,432,'2020-06-17',0,0,0,0,0,0,0,0),
(33897,6,35,433,'2020-06-17',0,0,0,0,0,0,0,0),
(33898,6,35,434,'2020-06-17',0,0,0,0,0,0,0,0),
(33899,6,35,435,'2020-06-17',4,0,0,1,0,1,0,0),
(33900,6,35,436,'2020-06-17',1,1,0,0,0,0,1,0),
(33901,6,35,437,'2020-06-17',0,0,0,0,0,0,0,0),
(33902,6,36,438,'2020-06-17',0,0,0,0,0,0,0,0),
(33903,6,36,439,'2020-06-17',1,1,0,0,0,0,1,0),
(33904,6,36,440,'2020-06-17',0,0,0,0,0,0,0,0),
(33905,6,36,441,'2020-06-17',0,0,0,0,0,0,0,0),
(33906,6,36,442,'2020-06-17',1,1,0,0,0,0,1,0),
(33907,6,36,443,'2020-06-17',2,1,0,0,0,1,0,0),
(33908,6,36,444,'2020-06-17',0,0,0,0,0,0,0,0),
(33909,6,36,445,'2020-06-17',1,1,0,0,0,0,1,0),
(33910,7,37,446,'2020-06-17',0,0,0,0,0,0,0,0),
(33911,7,37,447,'2020-06-17',0,0,0,0,0,0,0,0),
(33912,7,37,448,'2020-06-17',0,0,0,0,0,0,0,0),
(33913,7,37,449,'2020-06-17',0,0,0,0,0,0,0,0),
(33914,7,37,450,'2020-06-17',4,1,0,2,0,2,1,0),
(33915,7,37,451,'2020-06-17',0,0,0,0,0,0,0,0),
(33916,7,37,452,'2020-06-17',0,0,0,0,0,0,0,0),
(33917,7,37,453,'2020-06-17',0,0,0,0,0,0,0,0),
(33918,7,37,454,'2020-06-17',0,0,0,0,0,0,0,0),
(33919,7,37,455,'2020-06-17',0,0,0,0,0,0,0,0),
(33920,7,37,456,'2020-06-17',1,1,0,0,0,0,1,0),
(33921,7,37,457,'2020-06-17',1,1,0,0,0,0,1,0),
(33922,7,37,458,'2020-06-17',0,0,0,0,0,0,0,0),
(33923,7,37,459,'2020-06-17',0,0,0,0,0,0,0,0),
(33924,7,38,460,'2020-06-17',1,2,0,0,0,0,2,0),
(33925,7,38,461,'2020-06-17',0,0,0,0,0,0,0,0),
(33926,7,38,462,'2020-06-17',0,0,0,0,0,0,0,0),
(33927,7,38,463,'2020-06-17',0,0,0,0,0,0,0,0),
(33928,7,38,464,'2020-06-17',1,1,0,4,0,0,5,0),
(33929,7,38,465,'2020-06-17',0,0,0,0,0,0,0,0),
(33930,7,38,466,'2020-06-17',0,0,0,0,0,0,0,0),
(33931,7,38,467,'2020-06-17',0,0,0,0,0,0,0,0),
(33932,7,39,468,'2020-06-17',3,7,0,0,0,1,6,0),
(33933,7,39,469,'2020-06-17',0,0,0,0,0,0,0,0),
(33934,7,39,470,'2020-06-17',1,1,0,0,0,0,1,0),
(33935,7,39,471,'2020-06-17',4,0,0,10,0,1,9,0),
(33936,7,39,472,'2020-06-17',0,0,0,0,0,0,0,0),
(33937,7,39,473,'2020-06-17',0,0,0,0,0,0,0,0),
(33938,7,39,474,'2020-06-17',0,0,0,0,0,0,0,0),
(33939,7,39,475,'2020-06-17',0,0,0,0,0,0,0,0),
(33940,7,39,476,'2020-06-17',4,0,0,2,0,1,1,0),
(33941,7,39,477,'2020-06-17',0,0,0,0,0,0,0,0),
(33942,7,39,478,'2020-06-17',0,0,0,0,0,0,0,0),
(33943,7,40,479,'2020-06-17',1,1,0,0,0,0,1,0),
(33944,7,40,480,'2020-06-17',1,1,0,0,0,0,1,0),
(33945,7,40,481,'2020-06-17',0,0,0,0,0,0,0,0),
(33946,7,40,482,'2020-06-17',1,2,0,1,0,0,3,0),
(33947,7,40,483,'2020-06-17',0,0,0,0,0,0,0,0),
(33948,7,40,484,'2020-06-17',0,0,0,0,0,0,0,0),
(33949,7,40,485,'2020-06-17',0,0,0,0,0,0,0,0),
(33950,7,40,486,'2020-06-17',0,0,0,0,0,0,0,0),
(33951,7,40,487,'2020-06-17',0,0,0,0,0,0,0,0),
(33952,7,41,488,'2020-06-17',0,0,0,0,0,0,0,0),
(33953,7,41,489,'2020-06-17',0,0,0,0,0,0,0,0),
(33954,7,41,490,'2020-06-17',0,0,0,0,0,0,0,0),
(33955,7,41,491,'2020-06-17',1,1,0,0,0,0,1,0),
(33956,7,41,492,'2020-06-17',0,0,0,0,0,0,0,0),
(33957,7,41,493,'2020-06-17',0,0,0,0,0,0,0,0),
(33958,7,41,494,'2020-06-17',0,0,0,0,0,0,0,0),
(33959,7,41,495,'2020-06-17',0,0,0,0,0,0,0,0),
(33960,7,41,496,'2020-06-17',0,0,0,0,0,0,0,0),
(33961,7,41,497,'2020-06-17',0,0,0,0,0,0,0,0),
(33962,7,41,498,'2020-06-17',0,0,0,0,0,0,0,0),
(33963,7,41,499,'2020-06-17',0,0,0,0,0,0,0,0),
(33964,7,42,500,'2020-06-17',0,0,0,0,0,0,0,0),
(33965,7,42,501,'2020-06-17',0,0,0,0,0,0,0,0),
(33966,7,42,502,'2020-06-17',0,0,0,0,0,0,0,0),
(33967,7,42,503,'2020-06-17',0,0,0,0,0,0,0,0),
(33968,7,42,504,'2020-06-17',0,0,0,0,0,0,0,0),
(33969,7,42,505,'2020-06-17',4,1,0,1,0,2,0,0),
(33970,7,43,506,'2020-06-17',0,0,0,0,0,0,0,0),
(33971,7,43,507,'2020-06-17',0,0,0,0,0,0,0,0),
(33972,7,43,508,'2020-06-17',0,0,0,0,0,0,0,0),
(33973,7,43,509,'2020-06-17',0,0,0,0,0,0,0,0),
(33974,7,43,510,'2020-06-17',0,0,0,0,0,0,0,0),
(33975,7,43,511,'2020-06-17',0,0,0,0,0,0,0,0),
(33976,7,43,512,'2020-06-17',0,0,0,0,0,0,0,0),
(33977,7,43,513,'2020-06-17',0,0,0,0,0,0,0,0),
(33978,7,44,514,'2020-06-17',0,0,0,0,0,0,0,0),
(33979,7,44,515,'2020-06-17',0,0,0,0,0,0,0,0),
(33980,7,44,516,'2020-06-17',0,0,0,0,0,0,0,0),
(33981,7,44,517,'2020-06-17',1,1,0,0,0,0,1,0),
(33982,7,44,518,'2020-06-17',0,0,0,0,0,0,0,0),
(33983,7,44,519,'2020-06-17',0,0,0,0,0,0,0,0),
(33984,7,44,520,'2020-06-17',1,1,0,0,0,0,1,0),
(33985,7,44,521,'2020-06-17',0,0,0,0,0,0,0,0),
(33986,7,44,522,'2020-06-17',0,0,0,0,0,0,0,0),
(33987,7,44,523,'2020-06-17',0,0,0,0,0,0,0,0),
(33988,8,45,524,'2020-06-17',4,0,0,2,0,2,0,0),
(33989,8,45,525,'2020-06-17',0,0,0,0,0,0,0,0),
(33990,8,45,526,'2020-06-17',1,1,0,1,0,0,2,0),
(33991,8,45,527,'2020-06-17',0,0,0,0,0,0,0,0),
(33992,8,45,528,'2020-06-17',1,1,0,0,0,0,1,0),
(33993,8,45,529,'2020-06-17',0,0,0,0,0,0,0,0),
(33994,8,45,530,'2020-06-17',0,0,0,0,0,0,0,0),
(33995,8,45,531,'2020-06-17',0,0,0,0,0,0,0,0),
(33996,8,46,532,'2020-06-17',0,0,0,0,0,0,0,0),
(33997,8,46,533,'2020-06-17',0,0,0,0,0,0,0,0),
(33998,8,46,534,'2020-06-17',0,0,0,0,0,0,0,0),
(33999,8,46,535,'2020-06-17',0,0,0,0,0,0,0,0),
(34000,8,46,536,'2020-06-17',0,0,0,0,0,0,0,0),
(34001,8,47,537,'2020-06-17',0,0,0,0,0,0,0,0),
(34002,8,47,538,'2020-06-17',4,1,0,1,0,1,1,0),
(34003,8,47,539,'2020-06-17',1,1,0,0,0,0,1,0),
(34004,8,47,540,'2020-06-17',4,0,0,9,0,9,0,0),
(34005,8,47,541,'2020-06-17',0,0,0,0,0,0,0,0),
(34006,8,47,542,'2020-06-17',1,0,0,3,0,0,3,0),
(34007,8,47,543,'2020-06-17',4,0,0,5,0,4,1,0),
(34008,8,47,544,'2020-06-17',1,1,0,0,0,0,1,0),
(34009,8,47,545,'2020-06-17',0,0,0,0,0,0,0,0),
(34010,8,47,546,'2020-06-17',1,1,0,0,0,0,1,0),
(34011,8,47,547,'2020-06-17',0,0,0,0,0,0,0,0),
(34012,8,47,548,'2020-06-17',0,0,0,0,0,0,0,0),
(34013,8,48,549,'2020-06-17',4,1,0,2,0,2,1,0),
(34014,8,48,550,'2020-06-17',4,2,0,3,0,1,4,0),
(34015,8,48,551,'2020-06-17',1,1,0,0,0,0,1,0),
(34016,8,48,552,'2020-06-17',4,1,0,1,0,1,1,0),
(34017,8,48,553,'2020-06-17',0,0,0,0,0,0,0,0),
(34018,8,48,554,'2020-06-17',0,0,0,0,0,0,0,0),
(34019,8,48,555,'2020-06-17',0,0,0,0,0,0,0,0),
(34020,8,48,556,'2020-06-17',1,1,0,0,0,0,1,0),
(34021,8,48,557,'2020-06-17',0,0,0,0,0,0,0,0),
(34022,8,48,558,'2020-06-17',4,1,0,1,0,1,1,0),
(34023,8,48,559,'2020-06-17',1,1,0,0,0,0,1,0),
(34024,8,48,560,'2020-06-17',4,0,0,3,0,3,0,0),
(34025,8,48,561,'2020-06-17',4,0,0,10,0,7,3,0),
(34026,8,48,562,'2020-06-17',4,1,0,3,0,3,1,0),
(34027,8,48,563,'2020-06-17',1,1,0,0,0,0,1,0),
(34028,8,48,564,'2020-06-17',0,0,0,0,0,0,0,0),
(34029,8,48,565,'2020-06-17',4,0,0,3,0,2,1,0),
(34030,8,48,566,'2020-06-17',2,1,0,0,0,1,0,0),
(34031,8,49,567,'2020-06-17',0,0,0,0,0,0,0,0),
(34032,8,49,568,'2020-06-17',0,0,0,0,0,0,0,0),
(34033,8,49,569,'2020-06-17',0,0,0,0,0,0,0,0),
(34034,8,49,570,'2020-06-17',0,0,0,0,0,0,0,0),
(34035,8,49,571,'2020-06-17',0,0,0,0,0,0,0,0),
(34036,8,49,572,'2020-06-17',0,0,0,0,0,0,0,0),
(34037,8,49,573,'2020-06-17',0,0,0,0,0,0,0,0),
(34038,8,49,574,'2020-06-17',0,0,0,0,0,0,0,0),
(34039,8,49,575,'2020-06-17',0,0,0,0,0,0,0,0),
(34040,8,49,576,'2020-06-17',0,0,0,0,0,0,0,0),
(34041,8,49,577,'2020-06-17',0,0,0,0,0,0,0,0),
(34042,8,49,578,'2020-06-17',1,1,0,0,0,0,1,0),
(34043,8,49,579,'2020-06-17',0,0,0,0,0,0,0,0),
(34044,8,49,580,'2020-06-17',0,0,0,0,0,0,0,0),
(34045,8,49,581,'2020-06-17',0,0,0,0,0,0,0,0),
(34046,8,49,582,'2020-06-17',0,0,0,0,0,0,0,0),
(34047,9,50,583,'2020-06-17',0,0,0,0,0,0,0,0),
(34048,9,50,584,'2020-06-17',0,0,0,0,0,0,0,0),
(34049,9,50,585,'2020-06-17',0,0,0,0,0,0,0,0),
(34050,9,50,586,'2020-06-17',0,0,0,0,0,0,0,0),
(34051,9,50,587,'2020-06-17',0,0,0,0,0,0,0,0),
(34052,9,50,588,'2020-06-17',0,0,0,0,0,0,0,0),
(34053,9,50,589,'2020-06-17',0,0,0,0,0,0,0,0),
(34054,9,50,590,'2020-06-17',0,0,0,0,0,0,0,0),
(34055,9,50,591,'2020-06-17',0,0,0,0,0,0,0,0),
(34056,9,50,592,'2020-06-17',0,0,0,0,0,0,0,0),
(34057,9,50,593,'2020-06-17',0,0,0,0,0,0,0,0),
(34058,9,50,594,'2020-06-17',0,0,0,0,0,0,0,0),
(34059,9,51,595,'2020-06-17',0,0,0,0,0,0,0,0),
(34060,9,51,596,'2020-06-17',4,0,0,4,0,2,2,0),
(34061,9,51,597,'2020-06-17',1,0,0,1,0,0,1,0),
(34062,9,51,598,'2020-06-17',0,0,0,0,0,0,0,0),
(34063,9,51,599,'2020-06-17',0,0,0,0,0,0,0,0),
(34064,9,51,600,'2020-06-17',0,0,0,0,0,0,0,0),
(34065,9,51,601,'2020-06-17',4,0,0,1,0,1,0,0),
(34066,9,51,602,'2020-06-17',1,2,0,0,0,0,2,0),
(34067,9,51,603,'2020-06-17',0,0,0,0,0,0,0,0),
(34068,9,51,604,'2020-06-17',0,0,0,0,0,0,0,0),
(34069,9,51,605,'2020-06-17',0,0,0,0,0,0,0,0),
(34070,9,51,606,'2020-06-17',0,0,0,0,0,0,0,0),
(34071,9,51,607,'2020-06-17',0,0,0,0,0,0,0,0),
(34072,9,51,608,'2020-06-17',0,0,0,0,0,0,0,0),
(34073,9,52,609,'2020-06-17',0,0,0,0,0,0,0,0),
(34074,9,52,610,'2020-06-17',1,1,0,0,0,0,1,0),
(34075,9,52,611,'2020-06-17',0,0,0,0,0,0,0,0),
(34076,9,52,612,'2020-06-17',0,0,0,0,0,0,0,0),
(34077,9,52,613,'2020-06-17',1,0,0,1,0,0,1,0),
(34078,9,52,614,'2020-06-17',0,0,0,0,0,0,0,0),
(34079,9,52,615,'2020-06-17',1,1,0,0,0,0,1,0),
(34080,9,52,616,'2020-06-17',0,0,0,0,0,0,0,0),
(34081,9,52,617,'2020-06-17',1,0,0,1,0,0,1,0),
(34082,9,52,618,'2020-06-17',0,0,0,0,0,0,0,0),
(34083,9,52,619,'2020-06-17',0,0,0,0,0,0,0,0),
(34084,9,52,620,'2020-06-17',0,0,0,0,0,0,0,0),
(34085,9,52,621,'2020-06-17',0,0,0,0,0,0,0,0),
(34086,9,52,622,'2020-06-17',0,0,0,0,0,0,0,0),
(34087,9,52,623,'2020-06-17',0,0,0,0,0,0,0,0),
(34088,9,53,624,'2020-06-17',0,0,0,0,0,0,0,0),
(34089,9,53,625,'2020-06-17',0,0,0,0,0,0,0,0),
(34090,9,53,626,'2020-06-17',0,0,0,0,0,0,0,0),
(34091,9,53,627,'2020-06-17',0,0,0,0,0,0,0,0),
(34092,9,53,628,'2020-06-17',0,0,0,0,0,0,0,0),
(34093,9,53,629,'2020-06-17',0,0,0,0,0,0,0,0),
(34094,9,53,630,'2020-06-17',1,1,0,0,0,0,1,0),
(34095,9,53,631,'2020-06-17',0,0,0,0,0,0,0,0),
(34096,9,53,632,'2020-06-17',0,0,0,0,0,0,0,0),
(34097,9,53,633,'2020-06-17',0,0,0,0,0,0,0,0),
(34098,9,53,634,'2020-06-17',0,0,0,0,0,0,0,0),
(34099,9,53,635,'2020-06-17',0,0,0,0,0,0,0,0),
(34100,9,53,636,'2020-06-17',1,1,0,0,0,0,1,0),
(34101,9,53,637,'2020-06-17',0,0,0,0,0,0,0,0),
(34102,9,53,638,'2020-06-17',0,0,0,0,0,0,0,0),
(34103,9,54,639,'2020-06-17',0,0,0,0,0,0,0,0),
(34104,9,54,640,'2020-06-17',1,2,0,0,0,0,2,0),
(34105,9,54,641,'2020-06-17',0,0,0,0,0,0,0,0),
(34106,9,54,642,'2020-06-17',1,1,0,0,0,0,1,0),
(34107,9,54,643,'2020-06-17',1,2,0,0,0,0,2,0),
(34108,9,54,644,'2020-06-17',0,0,0,0,0,0,0,0),
(34109,9,54,645,'2020-06-17',0,0,0,0,0,0,0,0),
(34110,9,54,646,'2020-06-17',1,1,0,1,0,0,2,0),
(34111,9,54,647,'2020-06-17',0,0,0,0,0,0,0,0),
(34112,9,54,648,'2020-06-17',0,0,0,0,0,0,0,0),
(34113,9,54,649,'2020-06-17',0,0,0,0,0,0,0,0),
(34114,9,54,650,'2020-06-17',0,0,0,0,0,0,0,0),
(34115,9,54,651,'2020-06-17',0,0,0,0,0,0,0,0),
(34116,9,54,652,'2020-06-17',0,0,0,0,0,0,0,0),
(34117,9,54,653,'2020-06-17',1,0,0,1,0,0,1,0),
(34118,9,54,654,'2020-06-17',0,0,0,0,0,0,0,0),
(34119,9,54,655,'2020-06-17',0,0,0,0,0,0,0,0),
(34120,9,54,656,'2020-06-17',0,0,0,0,0,0,0,0),
(34121,9,55,657,'2020-06-17',0,0,0,0,0,0,0,0),
(34122,9,55,658,'2020-06-17',0,0,0,0,0,0,0,0),
(34123,9,55,659,'2020-06-17',0,0,0,0,0,0,0,0),
(34124,9,55,660,'2020-06-17',0,0,0,0,0,0,0,0),
(34125,9,55,661,'2020-06-17',0,0,0,0,0,0,0,0),
(34126,9,55,662,'2020-06-17',0,0,0,0,0,0,0,0),
(34127,9,55,663,'2020-06-17',0,0,0,0,0,0,0,0),
(34128,9,55,664,'2020-06-17',0,0,0,0,0,0,0,0),
(34129,9,55,665,'2020-06-17',0,0,0,0,0,0,0,0),
(34130,9,55,666,'2020-06-17',0,0,0,0,0,0,0,0),
(34131,9,55,667,'2020-06-17',0,0,0,0,0,0,0,0),
(34132,9,55,668,'2020-06-17',0,0,0,0,0,0,0,0),
(34133,9,55,669,'2020-06-17',0,0,0,0,0,0,0,0),
(34134,9,56,670,'2020-06-17',1,0,0,1,0,0,1,0),
(34135,9,56,671,'2020-06-17',2,1,0,0,0,1,0,0),
(34136,9,56,672,'2020-06-17',0,0,0,0,0,0,0,0),
(34137,9,56,673,'2020-06-17',0,0,0,0,0,0,0,0),
(34138,9,56,674,'2020-06-17',0,0,0,0,0,0,0,0),
(34139,9,56,675,'2020-06-17',0,0,0,0,0,0,0,0),
(34140,9,56,676,'2020-06-17',0,0,0,0,0,0,0,0),
(34141,9,56,677,'2020-06-17',0,0,0,0,0,0,0,0),
(34142,9,56,678,'2020-06-17',2,1,0,0,0,1,0,0),
(34143,9,56,679,'2020-06-17',0,0,0,0,0,0,0,0),
(34144,9,57,680,'2020-06-17',0,0,0,0,0,0,0,0),
(34145,9,57,681,'2020-06-17',0,0,0,0,0,0,0,0),
(34146,9,57,682,'2020-06-17',0,0,0,0,0,0,0,0),
(34147,9,57,683,'2020-06-17',0,0,0,0,0,0,0,0),
(34148,9,57,684,'2020-06-17',0,0,0,0,0,0,0,0),
(34149,9,57,685,'2020-06-17',0,0,0,0,0,0,0,0),
(34150,9,57,686,'2020-06-17',4,0,1,1,0,1,1,0),
(34151,9,57,687,'2020-06-17',0,0,0,0,0,0,0,0),
(34152,9,57,688,'2020-06-17',0,0,0,0,0,0,0,0),
(34153,9,57,689,'2020-06-17',0,0,0,0,0,0,0,0),
(34154,9,57,690,'2020-06-17',0,0,0,0,0,0,0,0),
(34155,9,58,691,'2020-06-17',0,0,0,0,0,0,0,0),
(34156,9,58,692,'2020-06-17',0,0,0,0,0,0,0,0),
(34157,9,58,693,'2020-06-17',0,0,0,0,0,0,0,0),
(34158,9,58,694,'2020-06-17',0,0,0,0,0,0,0,0),
(34159,9,58,695,'2020-06-17',0,0,0,0,0,0,0,0),
(34160,9,58,696,'2020-06-17',0,0,0,0,0,0,0,0),
(34161,9,58,697,'2020-06-17',0,0,0,0,0,0,0,0),
(34162,9,58,698,'2020-06-17',0,0,0,0,0,0,0,0),
(34163,9,58,699,'2020-06-17',0,0,0,0,0,0,0,0),
(34164,9,58,700,'2020-06-17',0,0,0,0,0,0,0,0),
(34165,9,59,701,'2020-06-17',4,1,0,1,0,2,0,0),
(34166,9,59,702,'2020-06-17',0,0,0,0,0,0,0,0),
(34167,9,59,703,'2020-06-17',1,1,0,1,0,0,2,0),
(34168,9,59,704,'2020-06-17',0,0,0,0,0,0,0,0),
(34169,9,59,705,'2020-06-17',2,1,0,0,0,1,0,0),
(34170,9,59,706,'2020-06-17',0,0,0,0,0,0,0,0),
(34171,9,59,707,'2020-06-17',2,1,0,0,0,1,0,0),
(34172,9,59,708,'2020-06-17',0,0,0,0,0,0,0,0),
(34173,9,59,709,'2020-06-17',1,0,0,1,0,0,1,0),
(34174,9,59,710,'2020-06-17',1,1,0,0,0,0,1,0),
(34175,9,59,711,'2020-06-17',0,0,0,0,0,0,0,0),
(34176,9,59,712,'2020-06-17',0,0,0,0,0,0,0,0),
(34177,1,1,1,'2020-06-18',0,0,0,0,0,0,0,0),
(34178,1,1,2,'2020-06-18',4,0,0,1,0,1,0,0),
(34179,1,1,3,'2020-06-18',4,0,0,9,0,5,4,0),
(34180,1,1,4,'2020-06-18',0,0,0,0,0,0,0,0),
(34181,1,1,5,'2020-06-18',0,0,0,0,0,0,0,0),
(34182,1,1,6,'2020-06-18',0,0,0,0,0,0,0,0),
(34183,1,1,7,'2020-06-18',0,0,0,0,0,0,0,0),
(34184,1,1,8,'2020-06-18',0,0,0,0,0,0,0,0),
(34185,1,1,9,'2020-06-18',4,0,0,6,0,4,1,1),
(34186,1,1,10,'2020-06-18',0,0,0,0,0,0,0,0),
(34187,1,1,11,'2020-06-18',0,0,0,0,0,0,0,0),
(34188,1,1,12,'2020-06-18',0,0,0,0,0,0,0,0),
(34189,1,1,13,'2020-06-18',1,1,0,0,0,0,1,0),
(34190,1,1,14,'2020-06-18',0,0,0,0,0,0,0,0),
(34191,1,1,15,'2020-06-18',0,0,0,0,0,0,0,0),
(34192,1,1,16,'2020-06-18',4,1,0,1,0,1,1,0),
(34193,1,1,17,'2020-06-18',0,0,0,0,0,0,0,0),
(34194,1,1,18,'2020-06-18',0,0,0,0,0,0,0,0),
(34195,1,2,19,'2020-06-18',0,0,0,0,0,0,0,0),
(34196,1,2,20,'2020-06-18',4,0,0,1,0,1,0,0),
(34197,1,2,21,'2020-06-18',4,0,0,1,0,1,0,0),
(34198,1,2,22,'2020-06-18',4,0,0,1,0,1,0,0),
(34199,1,2,23,'2020-06-18',1,0,0,1,0,0,1,0),
(34200,1,3,24,'2020-06-18',1,3,0,0,0,0,3,0),
(34201,1,3,25,'2020-06-18',4,3,1,14,0,5,13,0),
(34202,1,3,26,'2020-06-18',0,0,0,0,0,0,0,0),
(34203,1,3,27,'2020-06-18',0,0,0,0,0,0,0,0),
(34204,1,3,28,'2020-06-18',0,0,0,0,0,0,0,0),
(34205,1,3,29,'2020-06-18',1,1,1,1,0,0,3,0),
(34206,1,4,30,'2020-06-18',4,0,0,4,0,1,3,0),
(34207,1,4,31,'2020-06-18',4,3,0,7,0,3,7,0),
(34208,1,4,32,'2020-06-18',0,0,0,0,0,0,0,0),
(34209,1,4,33,'2020-06-18',4,2,0,6,0,5,3,0),
(34210,1,4,34,'2020-06-18',1,0,1,1,0,0,2,0),
(34211,1,4,35,'2020-06-18',4,2,0,4,0,4,2,0),
(34212,1,5,36,'2020-06-18',1,2,0,1,0,0,3,0),
(34213,1,5,37,'2020-06-18',4,0,0,2,0,1,1,0),
(34214,1,5,38,'2020-06-18',1,1,0,0,0,0,1,0),
(34215,1,5,39,'2020-06-18',0,0,0,0,0,0,0,0),
(34216,1,5,40,'2020-06-18',0,0,0,0,0,0,0,0),
(34217,1,5,41,'2020-06-18',0,0,0,0,0,0,0,0),
(34218,1,5,42,'2020-06-18',0,0,0,0,0,0,0,0),
(34219,1,5,43,'2020-06-18',0,0,0,0,0,0,0,0),
(34220,1,5,44,'2020-06-18',2,1,0,0,0,1,0,0),
(34221,1,5,45,'2020-06-18',4,0,0,1,0,1,0,0),
(34222,1,5,46,'2020-06-18',0,0,0,0,0,0,0,0),
(34223,1,5,47,'2020-06-18',0,0,0,0,0,0,0,0),
(34224,1,5,48,'2020-06-18',0,0,0,0,0,0,0,0),
(34225,1,5,49,'2020-06-18',1,1,0,0,0,0,1,0),
(34226,1,5,50,'2020-06-18',4,0,0,1,0,1,0,0),
(34227,1,5,51,'2020-06-18',0,0,0,0,0,0,0,0),
(34228,1,5,52,'2020-06-18',0,0,0,0,0,0,0,0),
(34229,1,5,53,'2020-06-18',1,1,0,0,0,0,1,0),
(34230,1,5,54,'2020-06-18',0,0,0,0,0,0,0,0),
(34231,1,5,55,'2020-06-18',1,0,0,17,0,0,16,1),
(34232,1,6,56,'2020-06-18',0,0,0,0,0,0,0,0),
(34233,1,6,57,'2020-06-18',1,1,0,0,0,0,1,0),
(34234,1,6,58,'2020-06-18',0,0,0,0,0,0,0,0),
(34235,1,6,59,'2020-06-18',0,0,0,0,0,0,0,0),
(34236,1,6,60,'2020-06-18',0,0,0,0,0,0,0,0),
(34237,1,6,61,'2020-06-18',0,0,0,0,0,0,0,0),
(34238,1,6,62,'2020-06-18',1,1,0,0,0,0,1,0),
(34239,2,7,63,'2020-06-18',1,1,1,0,0,0,2,0),
(34240,2,7,64,'2020-06-18',0,0,0,0,0,0,0,0),
(34241,2,7,65,'2020-06-18',4,1,0,6,0,1,6,0),
(34242,2,7,66,'2020-06-18',1,2,1,1,0,0,4,0),
(34243,2,7,67,'2020-06-18',0,0,0,0,0,0,0,0),
(34244,2,7,68,'2020-06-18',1,2,0,0,0,0,2,0),
(34245,2,7,69,'2020-06-18',0,0,0,0,0,0,0,0),
(34246,2,7,70,'2020-06-18',0,0,0,0,0,0,0,0),
(34247,2,7,71,'2020-06-18',4,3,0,16,0,2,17,0),
(34248,2,8,72,'2020-06-18',0,0,0,0,0,0,0,0),
(34249,2,8,73,'2020-06-18',0,0,0,0,0,0,0,0),
(34250,2,8,74,'2020-06-18',0,0,0,0,0,0,0,0),
(34251,2,8,75,'2020-06-18',0,0,0,0,0,0,0,0),
(34252,2,8,76,'2020-06-18',0,0,0,0,0,0,0,0),
(34253,2,8,77,'2020-06-18',0,0,0,0,0,0,0,0),
(34254,2,8,78,'2020-06-18',1,1,0,0,0,0,1,0),
(34255,2,8,79,'2020-06-18',1,1,0,0,0,0,1,0),
(34256,2,8,80,'2020-06-18',1,1,0,0,0,0,1,0),
(34257,2,8,81,'2020-06-18',0,0,0,0,0,0,0,0),
(34258,2,8,82,'2020-06-18',0,0,0,0,0,0,0,0),
(34259,2,8,83,'2020-06-18',0,0,0,0,0,0,0,0),
(34260,2,8,84,'2020-06-18',0,0,0,0,0,0,0,0),
(34261,2,8,85,'2020-06-18',0,0,0,0,0,0,0,0),
(34262,2,8,86,'2020-06-18',1,1,0,1,0,0,2,0),
(34263,2,8,87,'2020-06-18',0,0,0,0,0,0,0,0),
(34264,2,8,88,'2020-06-18',0,0,0,0,0,0,0,0),
(34265,2,8,89,'2020-06-18',0,0,0,0,0,0,0,0),
(34266,2,8,90,'2020-06-18',0,0,0,0,0,0,0,0),
(34267,2,8,91,'2020-06-18',1,1,0,0,0,0,1,0),
(34268,2,8,92,'2020-06-18',1,1,0,0,0,0,1,0),
(34269,2,8,93,'2020-06-18',0,0,0,0,0,0,0,0),
(34270,2,8,94,'2020-06-18',0,0,0,0,0,0,0,0),
(34271,2,8,95,'2020-06-18',0,0,0,0,0,0,0,0),
(34272,2,8,96,'2020-06-18',0,0,0,0,0,0,0,0),
(34273,2,8,97,'2020-06-18',0,0,0,0,0,0,0,0),
(34274,2,8,98,'2020-06-18',0,0,0,0,0,0,0,0),
(34275,2,8,99,'2020-06-18',0,0,0,0,0,0,0,0),
(34276,2,8,100,'2020-06-18',0,0,0,0,0,0,0,0),
(34277,2,8,101,'2020-06-18',0,0,0,0,0,0,0,0),
(34278,2,8,102,'2020-06-18',0,0,0,0,0,0,0,0),
(34279,2,8,103,'2020-06-18',0,0,0,0,0,0,0,0),
(34280,2,8,104,'2020-06-18',0,0,0,0,0,0,0,0),
(34281,2,8,105,'2020-06-18',0,0,0,0,0,0,0,0),
(34282,2,8,106,'2020-06-18',0,0,0,0,0,0,0,0),
(34283,2,8,107,'2020-06-18',0,0,0,0,0,0,0,0),
(34284,2,8,108,'2020-06-18',0,0,0,0,0,0,0,0),
(34285,2,8,109,'2020-06-18',0,0,0,0,0,0,0,0),
(34286,2,8,110,'2020-06-18',1,1,1,0,0,0,2,0),
(34287,2,8,111,'2020-06-18',0,0,0,0,0,0,0,0),
(34288,2,8,112,'2020-06-18',0,0,0,0,0,0,0,0),
(34289,2,8,113,'2020-06-18',0,0,0,0,0,0,0,0),
(34290,2,8,114,'2020-06-18',1,1,0,0,0,0,1,0),
(34291,2,8,115,'2020-06-18',0,0,0,0,0,0,0,0),
(34292,2,8,116,'2020-06-18',0,0,0,0,0,0,0,0),
(34293,2,8,117,'2020-06-18',0,0,0,0,0,0,0,0),
(34294,2,8,118,'2020-06-18',0,0,0,0,0,0,0,0),
(34295,2,8,119,'2020-06-18',0,0,0,0,0,0,0,0),
(34296,2,9,120,'2020-06-18',4,14,0,17,0,1,30,0),
(34297,2,9,121,'2020-06-18',1,1,0,0,0,0,1,0),
(34298,2,9,122,'2020-06-18',1,1,0,2,0,0,3,0),
(34299,2,9,123,'2020-06-18',1,1,0,0,0,0,1,0),
(34300,2,9,124,'2020-06-18',0,0,0,0,0,0,0,0),
(34301,2,9,125,'2020-06-18',0,0,0,0,0,0,0,0),
(34302,2,9,126,'2020-06-18',1,5,0,2,0,0,7,0),
(34303,2,9,127,'2020-06-18',1,3,0,0,0,0,3,0),
(34304,2,9,128,'2020-06-18',1,2,0,3,0,0,5,0),
(34305,2,10,129,'2020-06-18',0,0,0,0,0,0,0,0),
(34306,2,10,130,'2020-06-18',4,2,0,3,0,3,2,0),
(34307,2,10,131,'2020-06-18',1,1,0,0,0,0,1,0),
(34308,2,10,132,'2020-06-18',1,1,0,0,0,0,1,0),
(34309,2,10,133,'2020-06-18',0,0,0,0,0,0,0,0),
(34310,2,10,134,'2020-06-18',1,2,0,0,0,0,2,0),
(34311,3,11,135,'2020-06-18',1,1,0,0,0,0,1,0),
(34312,3,11,136,'2020-06-18',0,0,0,0,0,0,0,0),
(34313,3,11,137,'2020-06-18',1,1,0,0,0,0,1,0),
(34314,3,11,138,'2020-06-18',0,0,0,0,0,0,0,0),
(34315,3,11,139,'2020-06-18',0,0,0,0,0,0,0,0),
(34316,3,11,140,'2020-06-18',0,0,0,0,0,0,0,0),
(34317,3,11,141,'2020-06-18',0,0,0,0,0,0,0,0),
(34318,3,11,142,'2020-06-18',1,1,0,0,0,0,1,0),
(34319,3,11,143,'2020-06-18',1,0,0,1,0,0,1,0),
(34320,3,11,144,'2020-06-18',0,0,0,0,0,0,0,0),
(34321,3,11,145,'2020-06-18',1,1,0,0,0,0,1,0),
(34322,3,11,146,'2020-06-18',0,0,0,0,0,0,0,0),
(34323,3,11,147,'2020-06-18',0,0,0,0,0,0,0,0),
(34324,3,11,148,'2020-06-18',0,0,0,0,0,0,0,0),
(34325,3,11,149,'2020-06-18',0,0,0,0,0,0,0,0),
(34326,3,11,150,'2020-06-18',0,0,0,0,0,0,0,0),
(34327,3,11,151,'2020-06-18',0,0,0,0,0,0,0,0),
(34328,3,12,152,'2020-06-18',0,0,0,0,0,0,0,0),
(34329,3,12,153,'2020-06-18',1,1,0,0,0,0,1,0),
(34330,3,12,154,'2020-06-18',0,0,0,0,0,0,0,0),
(34331,3,12,155,'2020-06-18',4,0,0,2,0,1,1,0),
(34332,3,12,156,'2020-06-18',0,0,0,0,0,0,0,0),
(34333,3,12,157,'2020-06-18',3,2,0,0,0,1,1,0),
(34334,3,12,158,'2020-06-18',4,0,0,3,0,2,1,0),
(34335,3,12,159,'2020-06-18',0,0,0,0,0,0,0,0),
(34336,3,12,160,'2020-06-18',4,0,0,2,0,1,1,0),
(34337,3,12,161,'2020-06-18',1,1,0,0,0,0,1,0),
(34338,3,12,162,'2020-06-18',0,0,0,0,0,0,0,0),
(34339,3,12,163,'2020-06-18',0,0,0,0,0,0,0,0),
(34340,3,12,164,'2020-06-18',0,0,0,0,0,0,0,0),
(34341,3,12,165,'2020-06-18',1,0,1,0,0,0,1,0),
(34342,3,12,166,'2020-06-18',0,0,0,0,0,0,0,0),
(34343,3,12,167,'2020-06-18',0,0,0,0,0,0,0,0),
(34344,3,12,168,'2020-06-18',0,0,0,0,0,0,0,0),
(34345,3,12,169,'2020-06-18',4,0,0,2,0,2,0,0),
(34346,3,12,170,'2020-06-18',0,0,0,0,0,0,0,0),
(34347,3,12,171,'2020-06-18',0,0,0,0,0,0,0,0),
(34348,3,12,172,'2020-06-18',0,0,0,0,0,0,0,0),
(34349,3,12,173,'2020-06-18',0,0,0,0,0,0,0,0),
(34350,3,12,174,'2020-06-18',0,0,0,0,0,0,0,0),
(34351,3,12,175,'2020-06-18',0,0,0,0,0,0,0,0),
(34352,3,12,176,'2020-06-18',0,0,0,0,0,0,0,0),
(34353,3,12,177,'2020-06-18',0,0,0,0,0,0,0,0),
(34354,3,12,178,'2020-06-18',0,0,0,0,0,0,0,0),
(34355,3,12,179,'2020-06-18',0,0,0,0,0,0,0,0),
(34356,3,13,180,'2020-06-18',0,0,0,0,0,0,0,0),
(34357,3,13,181,'2020-06-18',0,0,0,0,0,0,0,0),
(34358,3,13,182,'2020-06-18',1,1,0,0,0,0,1,0),
(34359,3,13,183,'2020-06-18',0,0,0,0,0,0,0,0),
(34360,3,13,184,'2020-06-18',0,0,0,0,0,0,0,0),
(34361,3,13,185,'2020-06-18',2,1,0,0,0,1,0,0),
(34362,3,13,186,'2020-06-18',1,1,0,0,0,0,1,0),
(34363,3,13,187,'2020-06-18',1,1,0,0,0,0,1,0),
(34364,3,13,188,'2020-06-18',0,0,0,0,0,0,0,0),
(34365,3,13,189,'2020-06-18',0,0,0,0,0,0,0,0),
(34366,3,13,190,'2020-06-18',0,0,0,0,0,0,0,0),
(34367,3,13,191,'2020-06-18',1,1,0,0,0,0,1,0),
(34368,3,13,192,'2020-06-18',0,0,0,0,0,0,0,0),
(34369,3,13,193,'2020-06-18',0,0,0,0,0,0,0,0),
(34370,3,13,194,'2020-06-18',0,0,0,0,0,0,0,0),
(34371,3,14,195,'2020-06-18',0,0,0,0,0,0,0,0),
(34372,3,14,196,'2020-06-18',0,0,0,0,0,0,0,0),
(34373,3,14,197,'2020-06-18',1,0,0,1,0,0,1,0),
(34374,3,14,198,'2020-06-18',0,0,0,0,0,0,0,0),
(34375,3,14,199,'2020-06-18',0,0,0,0,0,0,0,0),
(34376,3,14,200,'2020-06-18',0,0,0,0,0,0,0,0),
(34377,3,14,201,'2020-06-18',1,0,0,6,0,0,6,0),
(34378,3,14,202,'2020-06-18',0,0,0,0,0,0,0,0),
(34379,3,14,203,'2020-06-18',0,0,0,0,0,0,0,0),
(34380,3,14,204,'2020-06-18',2,1,0,0,0,1,0,0),
(34381,3,14,205,'2020-06-18',0,0,0,0,0,0,0,0),
(34382,3,14,206,'2020-06-18',0,0,0,0,0,0,0,0),
(34383,3,14,207,'2020-06-18',0,0,0,0,0,0,0,0),
(34384,3,14,208,'2020-06-18',0,0,0,0,0,0,0,0),
(34385,3,15,209,'2020-06-18',0,0,0,0,0,0,0,0),
(34386,3,15,210,'2020-06-18',0,0,0,0,0,0,0,0),
(34387,3,15,211,'2020-06-18',1,1,1,0,0,0,2,0),
(34388,3,15,212,'2020-06-18',1,1,0,1,0,0,2,0),
(34389,3,15,213,'2020-06-18',1,1,0,0,0,0,1,0),
(34390,3,15,214,'2020-06-18',0,0,0,0,0,0,0,0),
(34391,3,15,215,'2020-06-18',0,0,0,0,0,0,0,0),
(34392,3,15,216,'2020-06-18',0,0,0,0,0,0,0,0),
(34393,3,15,217,'2020-06-18',0,0,0,0,0,0,0,0),
(34394,3,15,218,'2020-06-18',1,2,0,0,0,0,2,0),
(34395,3,15,219,'2020-06-18',0,0,0,0,0,0,0,0),
(34396,3,15,220,'2020-06-18',0,0,0,0,0,0,0,0),
(34397,3,15,221,'2020-06-18',0,0,0,0,0,0,0,0),
(34398,3,16,222,'2020-06-18',0,0,0,0,0,0,0,0),
(34399,3,16,223,'2020-06-18',0,0,0,0,0,0,0,0),
(34400,3,16,224,'2020-06-18',0,0,0,0,0,0,0,0),
(34401,3,16,225,'2020-06-18',0,0,0,0,0,0,0,0),
(34402,3,16,226,'2020-06-18',0,0,0,0,0,0,0,0),
(34403,3,16,227,'2020-06-18',1,0,0,2,0,0,2,0),
(34404,3,16,228,'2020-06-18',0,0,0,0,0,0,0,0),
(34405,3,16,229,'2020-06-18',0,0,0,0,0,0,0,0),
(34406,3,16,230,'2020-06-18',0,0,0,0,0,0,0,0),
(34407,3,16,231,'2020-06-18',0,0,0,0,0,0,0,0),
(34408,3,16,232,'2020-06-18',0,0,0,0,0,0,0,0),
(34409,3,16,233,'2020-06-18',0,0,0,0,0,0,0,0),
(34410,3,16,234,'2020-06-18',0,0,0,0,0,0,0,0),
(34411,3,16,235,'2020-06-18',0,0,0,0,0,0,0,0),
(34412,3,17,236,'2020-06-18',0,0,0,0,0,0,0,0),
(34413,3,17,237,'2020-06-18',1,0,0,1,0,0,1,0),
(34414,3,17,238,'2020-06-18',0,0,0,0,0,0,0,0),
(34415,3,17,239,'2020-06-18',0,0,0,0,0,0,0,0),
(34416,3,17,240,'2020-06-18',1,1,0,0,0,0,1,0),
(34417,3,17,241,'2020-06-18',0,0,0,0,0,0,0,0),
(34418,3,17,242,'2020-06-18',4,0,1,4,0,2,3,0),
(34419,3,17,243,'2020-06-18',4,1,0,2,0,1,2,0),
(34420,3,17,244,'2020-06-18',0,0,0,0,0,0,0,0),
(34421,3,17,245,'2020-06-18',0,0,0,0,0,0,0,0),
(34422,3,17,246,'2020-06-18',1,0,0,3,0,0,3,0),
(34423,3,17,247,'2020-06-18',0,0,0,0,0,0,0,0),
(34424,3,17,248,'2020-06-18',1,1,0,0,0,0,1,0),
(34425,3,17,249,'2020-06-18',0,0,0,0,0,0,0,0),
(34426,3,17,250,'2020-06-18',0,0,0,0,0,0,0,0),
(34427,3,17,251,'2020-06-18',1,2,0,0,0,0,2,0),
(34428,3,17,252,'2020-06-18',0,0,0,0,0,0,0,0),
(34429,3,17,253,'2020-06-18',0,0,0,0,0,0,0,0),
(34430,3,17,254,'2020-06-18',0,0,0,0,0,0,0,0),
(34431,3,17,255,'2020-06-18',0,0,0,0,0,0,0,0),
(34432,3,17,256,'2020-06-18',0,0,0,0,0,0,0,0),
(34433,3,18,257,'2020-06-18',0,0,0,0,0,0,0,0),
(34434,3,18,258,'2020-06-18',0,0,0,0,0,0,0,0),
(34435,3,18,259,'2020-06-18',0,0,0,0,0,0,0,0),
(34436,3,18,260,'2020-06-18',0,0,0,0,0,0,0,0),
(34437,3,18,261,'2020-06-18',1,1,0,0,0,0,1,0),
(34438,3,18,262,'2020-06-18',0,0,0,0,0,0,0,0),
(34439,3,18,263,'2020-06-18',0,0,0,0,0,0,0,0),
(34440,3,18,264,'2020-06-18',1,1,0,0,0,0,1,0),
(34441,3,18,265,'2020-06-18',0,0,0,0,0,0,0,0),
(34442,3,18,266,'2020-06-18',1,1,0,1,0,0,2,0),
(34443,3,18,267,'2020-06-18',1,1,0,0,0,0,1,0),
(34444,3,18,268,'2020-06-18',0,0,0,0,0,0,0,0),
(34445,3,18,269,'2020-06-18',1,0,0,2,0,0,2,0),
(34446,3,18,270,'2020-06-18',0,0,0,0,0,0,0,0),
(34447,3,18,271,'2020-06-18',0,0,0,0,0,0,0,0),
(34448,3,19,272,'2020-06-18',4,0,0,42,0,2,40,0),
(34449,3,19,273,'2020-06-18',1,0,0,1,0,0,1,0),
(34450,3,19,274,'2020-06-18',2,1,0,0,0,1,0,0),
(34451,3,19,275,'2020-06-18',0,0,0,0,0,0,0,0),
(34452,3,19,276,'2020-06-18',0,0,0,0,0,0,0,0),
(34453,3,19,277,'2020-06-18',1,2,0,0,0,0,2,0),
(34454,3,19,278,'2020-06-18',0,0,0,0,0,0,0,0),
(34455,3,19,279,'2020-06-18',4,0,0,1,0,1,0,0),
(34456,3,19,280,'2020-06-18',1,2,0,1,0,0,3,0),
(34457,3,19,281,'2020-06-18',0,0,0,0,0,0,0,0),
(34458,4,20,282,'2020-06-18',4,0,0,1,0,1,0,0),
(34459,4,20,283,'2020-06-18',0,0,0,0,0,0,0,0),
(34460,4,20,284,'2020-06-18',1,0,1,0,0,0,1,0),
(34461,4,20,285,'2020-06-18',4,0,0,6,0,2,4,0),
(34462,4,20,286,'2020-06-18',4,0,0,10,0,10,0,0),
(34463,4,20,287,'2020-06-18',1,0,1,1,0,0,2,0),
(34464,4,20,288,'2020-06-18',4,2,0,13,0,12,3,0),
(34465,4,20,289,'2020-06-18',4,2,0,26,0,24,4,0),
(34466,4,20,290,'2020-06-18',4,0,0,17,0,16,1,0),
(34467,4,20,291,'2020-06-18',4,0,1,3,0,2,2,0),
(34468,4,20,292,'2020-06-18',4,1,0,9,0,9,1,0),
(34469,4,21,293,'2020-06-18',4,3,1,2,0,2,4,0),
(34470,4,21,294,'2020-06-18',4,1,1,1,0,1,2,0),
(34471,4,21,295,'2020-06-18',4,2,1,3,0,2,4,0),
(34472,4,21,296,'2020-06-18',4,1,0,2,0,2,1,0),
(34473,4,21,297,'2020-06-18',1,4,1,2,0,0,7,0),
(34474,4,21,298,'2020-06-18',0,0,0,0,0,0,0,0),
(34475,4,21,299,'2020-06-18',1,0,0,5,0,0,5,0),
(34476,4,21,300,'2020-06-18',1,0,0,2,0,0,2,0),
(34477,4,21,301,'2020-06-18',4,2,0,9,0,7,4,0),
(34478,4,21,302,'2020-06-18',1,0,1,1,0,0,2,0),
(34479,4,22,303,'2020-06-18',4,0,0,1,0,1,0,0),
(34480,4,22,304,'2020-06-18',4,1,1,4,0,3,3,0),
(34481,4,22,305,'2020-06-18',4,2,0,6,0,3,4,1),
(34482,4,22,306,'2020-06-18',4,0,2,3,0,2,3,0),
(34483,4,22,307,'2020-06-18',0,0,0,0,0,0,0,0),
(34484,4,22,308,'2020-06-18',4,3,0,4,0,3,4,0),
(34485,4,22,309,'2020-06-18',1,1,0,0,0,0,1,0),
(34486,4,22,310,'2020-06-18',4,2,0,11,0,8,5,0),
(34487,4,22,311,'2020-06-18',1,1,0,0,0,0,1,0),
(34488,4,22,312,'2020-06-18',0,0,0,0,0,0,0,0),
(34489,4,22,313,'2020-06-18',4,1,1,2,0,2,2,0),
(34490,4,23,314,'2020-06-18',1,1,0,0,0,0,1,0),
(34491,4,23,315,'2020-06-18',4,0,2,4,0,4,2,0),
(34492,4,23,316,'2020-06-18',0,0,0,0,0,0,0,0),
(34493,4,23,317,'2020-06-18',1,0,0,1,0,0,1,0),
(34494,4,23,318,'2020-06-18',4,1,0,4,0,1,4,0),
(34495,4,23,319,'2020-06-18',4,0,0,1,0,1,0,0),
(34496,4,23,320,'2020-06-18',1,0,1,0,0,0,1,0),
(34497,4,23,321,'2020-06-18',4,3,0,12,0,10,5,0),
(34498,4,23,322,'2020-06-18',4,1,0,12,0,4,8,1),
(34499,4,23,323,'2020-06-18',1,0,1,0,0,0,1,0),
(34500,4,23,324,'2020-06-18',4,5,1,5,0,3,8,0),
(34501,5,24,325,'2020-06-18',1,1,1,0,0,0,2,0),
(34502,5,24,326,'2020-06-18',0,0,0,0,0,0,0,0),
(34503,5,24,327,'2020-06-18',0,0,0,0,0,0,0,0),
(34504,5,24,328,'2020-06-18',0,0,0,0,0,0,0,0),
(34505,5,24,329,'2020-06-18',2,1,0,0,0,1,0,0),
(34506,5,24,330,'2020-06-18',0,0,0,0,0,0,0,0),
(34507,5,24,331,'2020-06-18',1,2,0,0,0,0,2,0),
(34508,5,24,332,'2020-06-18',1,1,0,0,0,0,1,0),
(34509,5,24,333,'2020-06-18',1,1,0,0,0,0,1,0),
(34510,5,25,334,'2020-06-18',0,0,0,0,0,0,0,0),
(34511,5,25,335,'2020-06-18',0,0,0,0,0,0,0,0),
(34512,5,25,336,'2020-06-18',0,0,0,0,0,0,0,0),
(34513,5,25,337,'2020-06-18',0,0,0,0,0,0,0,0),
(34514,5,25,338,'2020-06-18',4,0,0,5,0,5,0,0),
(34515,5,25,339,'2020-06-18',0,0,0,0,0,0,0,0),
(34516,5,25,340,'2020-06-18',1,1,0,0,0,0,1,0),
(34517,5,25,341,'2020-06-18',1,1,0,0,0,0,1,0),
(34518,5,25,342,'2020-06-18',4,0,0,5,0,5,0,0),
(34519,5,25,343,'2020-06-18',1,1,0,0,0,0,1,0),
(34520,5,25,344,'2020-06-18',1,1,0,0,0,0,1,0),
(34521,5,25,345,'2020-06-18',0,0,0,0,0,0,0,0),
(34522,5,25,346,'2020-06-18',0,0,0,0,0,0,0,0),
(34523,5,25,347,'2020-06-18',0,0,0,0,0,0,0,0),
(34524,5,25,348,'2020-06-18',4,0,0,1,0,1,0,0),
(34525,5,25,349,'2020-06-18',0,0,0,0,0,0,0,0),
(34526,5,25,350,'2020-06-18',1,0,0,1,0,0,1,0),
(34527,5,26,351,'2020-06-18',0,0,0,0,0,0,0,0),
(34528,5,26,352,'2020-06-18',0,0,0,0,0,0,0,0),
(34529,5,26,353,'2020-06-18',0,0,0,0,0,0,0,0),
(34530,5,26,354,'2020-06-18',0,0,0,0,0,0,0,0),
(34531,5,26,355,'2020-06-18',0,0,0,0,0,0,0,0),
(34532,5,26,356,'2020-06-18',0,0,0,0,0,0,0,0),
(34533,5,26,357,'2020-06-18',0,0,0,0,0,0,0,0),
(34534,5,26,358,'2020-06-18',0,0,0,0,0,0,0,0),
(34535,5,26,359,'2020-06-18',0,0,0,0,0,0,0,0),
(34536,5,27,360,'2020-06-18',1,1,1,0,0,0,2,0),
(34537,5,27,361,'2020-06-18',0,0,0,0,0,0,0,0),
(34538,5,27,362,'2020-06-18',4,3,0,2,0,2,3,0),
(34539,5,27,363,'2020-06-18',1,1,0,0,0,0,1,0),
(34540,5,27,364,'2020-06-18',1,0,0,1,0,0,1,0),
(34541,5,27,365,'2020-06-18',1,0,0,1,0,0,1,0),
(34542,5,27,366,'2020-06-18',4,0,0,1,0,1,0,0),
(34543,5,27,367,'2020-06-18',0,0,0,0,0,0,0,0),
(34544,5,27,368,'2020-06-18',0,0,0,0,0,0,0,0),
(34545,5,27,369,'2020-06-18',0,0,0,0,0,0,0,0),
(34546,5,27,370,'2020-06-18',0,0,0,0,0,0,0,0),
(34547,5,27,371,'2020-06-18',4,1,0,2,0,1,2,0),
(34548,5,28,372,'2020-06-18',1,0,0,1,0,0,1,0),
(34549,5,28,373,'2020-06-18',0,0,0,0,0,0,0,0),
(34550,5,28,374,'2020-06-18',1,2,2,0,0,0,4,0),
(34551,5,28,375,'2020-06-18',0,0,0,0,0,0,0,0),
(34552,5,28,376,'2020-06-18',1,1,0,0,0,0,1,0),
(34553,5,28,377,'2020-06-18',0,0,0,0,0,0,0,0),
(34554,5,28,378,'2020-06-18',0,0,0,0,0,0,0,0),
(34555,5,28,379,'2020-06-18',1,0,1,0,0,0,1,0),
(34556,5,29,380,'2020-06-18',0,0,0,0,0,0,0,0),
(34557,5,29,381,'2020-06-18',0,0,0,0,0,0,0,0),
(34558,5,29,382,'2020-06-18',1,1,0,0,0,0,1,0),
(34559,5,29,383,'2020-06-18',0,0,0,0,0,0,0,0),
(34560,5,29,384,'2020-06-18',0,0,0,0,0,0,0,0),
(34561,5,29,385,'2020-06-18',0,0,0,0,0,0,0,0),
(34562,5,29,386,'2020-06-18',0,0,0,0,0,0,0,0),
(34563,5,30,387,'2020-06-18',1,2,0,0,0,0,2,0),
(34564,5,30,388,'2020-06-18',1,0,1,0,0,0,1,0),
(34565,5,30,389,'2020-06-18',1,1,0,0,0,0,1,0),
(34566,5,30,390,'2020-06-18',4,0,0,1,0,1,0,0),
(34567,5,30,391,'2020-06-18',1,4,0,3,0,0,7,0),
(34568,5,30,392,'2020-06-18',0,0,0,0,0,0,0,0),
(34569,5,30,393,'2020-06-18',0,0,0,0,0,0,0,0),
(34570,5,30,394,'2020-06-18',4,0,0,1,0,1,0,0),
(34571,6,31,395,'2020-06-18',0,0,0,0,0,0,0,0),
(34572,6,31,396,'2020-06-18',0,0,0,0,0,0,0,0),
(34573,6,31,397,'2020-06-18',0,0,0,0,0,0,0,0),
(34574,6,31,398,'2020-06-18',1,1,0,0,0,0,1,0),
(34575,6,31,399,'2020-06-18',1,1,0,0,0,0,1,0),
(34576,6,31,400,'2020-06-18',0,0,0,0,0,0,0,0),
(34577,6,31,401,'2020-06-18',3,2,0,0,0,1,1,0),
(34578,6,31,402,'2020-06-18',1,1,0,0,0,0,1,0),
(34579,6,31,403,'2020-06-18',0,0,0,0,0,0,0,0),
(34580,6,31,404,'2020-06-18',0,0,0,0,0,0,0,0),
(34581,6,32,405,'2020-06-18',0,0,0,0,0,0,0,0),
(34582,6,32,406,'2020-06-18',0,0,0,0,0,0,0,0),
(34583,6,32,407,'2020-06-18',1,1,0,0,0,0,1,0),
(34584,6,32,408,'2020-06-18',1,1,0,0,0,0,1,0),
(34585,6,32,409,'2020-06-18',1,1,0,0,0,0,1,0),
(34586,6,32,410,'2020-06-18',1,2,0,0,0,0,2,0),
(34587,6,32,411,'2020-06-18',0,0,0,0,0,0,0,0),
(34588,6,32,412,'2020-06-18',1,1,0,0,0,0,1,0),
(34589,6,32,413,'2020-06-18',0,0,0,0,0,0,0,0),
(34590,6,32,414,'2020-06-18',0,0,0,0,0,0,0,0),
(34591,6,33,415,'2020-06-18',0,0,0,0,0,0,0,0),
(34592,6,34,416,'2020-06-18',0,0,0,0,0,0,0,0),
(34593,6,34,417,'2020-06-18',2,1,0,0,0,1,0,0),
(34594,6,34,418,'2020-06-18',1,1,0,0,0,0,1,0),
(34595,6,34,419,'2020-06-18',0,0,0,0,0,0,0,0),
(34596,6,34,420,'2020-06-18',4,1,0,1,0,1,1,0),
(34597,6,34,421,'2020-06-18',1,1,0,0,0,0,1,0),
(34598,6,34,422,'2020-06-18',0,0,0,0,0,0,0,0),
(34599,6,34,423,'2020-06-18',0,0,0,0,0,0,0,0),
(34600,6,34,424,'2020-06-18',0,0,0,0,0,0,0,0),
(34601,6,34,425,'2020-06-18',0,0,0,0,0,0,0,0),
(34602,6,35,426,'2020-06-18',4,0,1,1,0,1,1,0),
(34603,6,35,427,'2020-06-18',2,1,0,0,0,1,0,0),
(34604,6,35,428,'2020-06-18',0,0,0,0,0,0,0,0),
(34605,6,35,429,'2020-06-18',0,0,0,0,0,0,0,0),
(34606,6,35,430,'2020-06-18',4,1,0,1,0,1,1,0),
(34607,6,35,431,'2020-06-18',0,0,0,0,0,0,0,0),
(34608,6,35,432,'2020-06-18',0,0,0,0,0,0,0,0),
(34609,6,35,433,'2020-06-18',0,0,0,0,0,0,0,0),
(34610,6,35,434,'2020-06-18',0,0,0,0,0,0,0,0),
(34611,6,35,435,'2020-06-18',4,0,0,1,0,1,0,0),
(34612,6,35,436,'2020-06-18',1,1,0,0,0,0,1,0),
(34613,6,35,437,'2020-06-18',0,0,0,0,0,0,0,0),
(34614,6,36,438,'2020-06-18',0,0,0,0,0,0,0,0),
(34615,6,36,439,'2020-06-18',1,1,0,0,0,0,1,0),
(34616,6,36,440,'2020-06-18',0,0,0,0,0,0,0,0),
(34617,6,36,441,'2020-06-18',0,0,0,0,0,0,0,0),
(34618,6,36,442,'2020-06-18',1,1,0,0,0,0,1,0),
(34619,6,36,443,'2020-06-18',2,1,0,0,0,1,0,0),
(34620,6,36,444,'2020-06-18',0,0,0,0,0,0,0,0),
(34621,6,36,445,'2020-06-18',1,1,0,0,0,0,1,0),
(34622,7,37,446,'2020-06-18',0,0,0,0,0,0,0,0),
(34623,7,37,447,'2020-06-18',0,0,0,0,0,0,0,0),
(34624,7,37,448,'2020-06-18',0,0,0,0,0,0,0,0),
(34625,7,37,449,'2020-06-18',0,0,0,0,0,0,0,0),
(34626,7,37,450,'2020-06-18',4,1,0,2,0,2,1,0),
(34627,7,37,451,'2020-06-18',0,0,0,0,0,0,0,0),
(34628,7,37,452,'2020-06-18',0,0,0,0,0,0,0,0),
(34629,7,37,453,'2020-06-18',0,0,0,0,0,0,0,0),
(34630,7,37,454,'2020-06-18',0,0,0,0,0,0,0,0),
(34631,7,37,455,'2020-06-18',0,0,0,0,0,0,0,0),
(34632,7,37,456,'2020-06-18',1,1,0,0,0,0,1,0),
(34633,7,37,457,'2020-06-18',1,1,0,0,0,0,1,0),
(34634,7,37,458,'2020-06-18',0,0,0,0,0,0,0,0),
(34635,7,37,459,'2020-06-18',0,0,0,0,0,0,0,0),
(34636,7,38,460,'2020-06-18',1,2,0,0,0,0,2,0),
(34637,7,38,461,'2020-06-18',0,0,0,0,0,0,0,0),
(34638,7,38,462,'2020-06-18',0,0,0,0,0,0,0,0),
(34639,7,38,463,'2020-06-18',0,0,0,0,0,0,0,0),
(34640,7,38,464,'2020-06-18',1,1,0,4,0,0,5,0),
(34641,7,38,465,'2020-06-18',0,0,0,0,0,0,0,0),
(34642,7,38,466,'2020-06-18',0,0,0,0,0,0,0,0),
(34643,7,38,467,'2020-06-18',0,0,0,0,0,0,0,0),
(34644,7,39,468,'2020-06-18',3,7,0,0,0,1,6,0),
(34645,7,39,469,'2020-06-18',0,0,0,0,0,0,0,0),
(34646,7,39,470,'2020-06-18',1,1,0,0,0,0,1,0),
(34647,7,39,471,'2020-06-18',4,0,0,10,0,1,9,0),
(34648,7,39,472,'2020-06-18',0,0,0,0,0,0,0,0),
(34649,7,39,473,'2020-06-18',0,0,0,0,0,0,0,0),
(34650,7,39,474,'2020-06-18',0,0,0,0,0,0,0,0),
(34651,7,39,475,'2020-06-18',0,0,0,0,0,0,0,0),
(34652,7,39,476,'2020-06-18',4,0,0,2,0,1,1,0),
(34653,7,39,477,'2020-06-18',0,0,0,0,0,0,0,0),
(34654,7,39,478,'2020-06-18',0,0,0,0,0,0,0,0),
(34655,7,40,479,'2020-06-18',1,1,0,0,0,0,1,0),
(34656,7,40,480,'2020-06-18',1,1,0,0,0,0,1,0),
(34657,7,40,481,'2020-06-18',0,0,0,0,0,0,0,0),
(34658,7,40,482,'2020-06-18',1,2,0,1,0,0,3,0),
(34659,7,40,483,'2020-06-18',0,0,0,0,0,0,0,0),
(34660,7,40,484,'2020-06-18',0,0,0,0,0,0,0,0),
(34661,7,40,485,'2020-06-18',0,0,0,0,0,0,0,0),
(34662,7,40,486,'2020-06-18',0,0,0,0,0,0,0,0),
(34663,7,40,487,'2020-06-18',0,0,0,0,0,0,0,0),
(34664,7,41,488,'2020-06-18',0,0,0,0,0,0,0,0),
(34665,7,41,489,'2020-06-18',0,0,0,0,0,0,0,0),
(34666,7,41,490,'2020-06-18',0,0,0,0,0,0,0,0),
(34667,7,41,491,'2020-06-18',1,1,0,0,0,0,1,0),
(34668,7,41,492,'2020-06-18',0,0,0,0,0,0,0,0),
(34669,7,41,493,'2020-06-18',0,0,0,0,0,0,0,0),
(34670,7,41,494,'2020-06-18',0,0,0,0,0,0,0,0),
(34671,7,41,495,'2020-06-18',0,0,0,0,0,0,0,0),
(34672,7,41,496,'2020-06-18',0,0,0,0,0,0,0,0),
(34673,7,41,497,'2020-06-18',0,0,0,0,0,0,0,0),
(34674,7,41,498,'2020-06-18',0,0,0,0,0,0,0,0),
(34675,7,41,499,'2020-06-18',0,0,0,0,0,0,0,0),
(34676,7,42,500,'2020-06-18',0,0,0,0,0,0,0,0),
(34677,7,42,501,'2020-06-18',0,0,0,0,0,0,0,0),
(34678,7,42,502,'2020-06-18',0,0,0,0,0,0,0,0),
(34679,7,42,503,'2020-06-18',0,0,0,0,0,0,0,0),
(34680,7,42,504,'2020-06-18',0,0,0,0,0,0,0,0),
(34681,7,42,505,'2020-06-18',4,1,0,1,0,2,0,0),
(34682,7,43,506,'2020-06-18',0,0,0,0,0,0,0,0),
(34683,7,43,507,'2020-06-18',0,0,0,0,0,0,0,0),
(34684,7,43,508,'2020-06-18',0,0,0,0,0,0,0,0),
(34685,7,43,509,'2020-06-18',0,0,0,0,0,0,0,0),
(34686,7,43,510,'2020-06-18',0,0,0,0,0,0,0,0),
(34687,7,43,511,'2020-06-18',0,0,0,0,0,0,0,0),
(34688,7,43,512,'2020-06-18',0,0,0,0,0,0,0,0),
(34689,7,43,513,'2020-06-18',0,0,0,0,0,0,0,0),
(34690,7,44,514,'2020-06-18',0,0,0,0,0,0,0,0),
(34691,7,44,515,'2020-06-18',0,0,0,0,0,0,0,0),
(34692,7,44,516,'2020-06-18',0,0,0,0,0,0,0,0),
(34693,7,44,517,'2020-06-18',1,1,0,0,0,0,1,0),
(34694,7,44,518,'2020-06-18',0,0,0,0,0,0,0,0),
(34695,7,44,519,'2020-06-18',0,0,0,0,0,0,0,0),
(34696,7,44,520,'2020-06-18',1,1,0,0,0,0,1,0),
(34697,7,44,521,'2020-06-18',0,0,0,0,0,0,0,0),
(34698,7,44,522,'2020-06-18',0,0,0,0,0,0,0,0),
(34699,7,44,523,'2020-06-18',0,0,0,0,0,0,0,0),
(34700,8,45,524,'2020-06-18',4,0,0,2,0,2,0,0),
(34701,8,45,525,'2020-06-18',0,0,0,0,0,0,0,0),
(34702,8,45,526,'2020-06-18',1,1,0,1,0,0,2,0),
(34703,8,45,527,'2020-06-18',0,0,0,0,0,0,0,0),
(34704,8,45,528,'2020-06-18',1,1,0,0,0,0,1,0),
(34705,8,45,529,'2020-06-18',0,0,0,0,0,0,0,0),
(34706,8,45,530,'2020-06-18',0,0,0,0,0,0,0,0),
(34707,8,45,531,'2020-06-18',0,0,0,0,0,0,0,0),
(34708,8,46,532,'2020-06-18',0,0,0,0,0,0,0,0),
(34709,8,46,533,'2020-06-18',0,0,0,0,0,0,0,0),
(34710,8,46,534,'2020-06-18',0,0,0,0,0,0,0,0),
(34711,8,46,535,'2020-06-18',0,0,0,0,0,0,0,0),
(34712,8,46,536,'2020-06-18',0,0,0,0,0,0,0,0),
(34713,8,47,537,'2020-06-18',0,0,0,0,0,0,0,0),
(34714,8,47,538,'2020-06-18',4,1,0,1,0,1,1,0),
(34715,8,47,539,'2020-06-18',1,1,0,0,0,0,1,0),
(34716,8,47,540,'2020-06-18',4,0,0,9,0,9,0,0),
(34717,8,47,541,'2020-06-18',0,0,0,0,0,0,0,0),
(34718,8,47,542,'2020-06-18',1,0,0,3,0,0,3,0),
(34719,8,47,543,'2020-06-18',4,0,0,5,0,4,1,0),
(34720,8,47,544,'2020-06-18',1,1,0,0,0,0,1,0),
(34721,8,47,545,'2020-06-18',0,0,0,0,0,0,0,0),
(34722,8,47,546,'2020-06-18',1,1,0,0,0,0,1,0),
(34723,8,47,547,'2020-06-18',0,0,0,0,0,0,0,0),
(34724,8,47,548,'2020-06-18',0,0,0,0,0,0,0,0),
(34725,8,48,549,'2020-06-18',4,1,0,2,0,2,1,0),
(34726,8,48,550,'2020-06-18',4,2,0,3,0,1,4,0),
(34727,8,48,551,'2020-06-18',1,1,0,0,0,0,1,0),
(34728,8,48,552,'2020-06-18',4,1,0,1,0,1,1,0),
(34729,8,48,553,'2020-06-18',0,0,0,0,0,0,0,0),
(34730,8,48,554,'2020-06-18',0,0,0,0,0,0,0,0),
(34731,8,48,555,'2020-06-18',0,0,0,0,0,0,0,0),
(34732,8,48,556,'2020-06-18',1,1,0,0,0,0,1,0),
(34733,8,48,557,'2020-06-18',0,0,0,0,0,0,0,0),
(34734,8,48,558,'2020-06-18',4,1,0,1,0,1,1,0),
(34735,8,48,559,'2020-06-18',1,1,0,0,0,0,1,0),
(34736,8,48,560,'2020-06-18',4,0,0,3,0,3,0,0),
(34737,8,48,561,'2020-06-18',4,0,0,10,0,7,3,0),
(34738,8,48,562,'2020-06-18',4,1,0,3,0,3,1,0),
(34739,8,48,563,'2020-06-18',1,1,0,0,0,0,1,0),
(34740,8,48,564,'2020-06-18',0,0,0,0,0,0,0,0),
(34741,8,48,565,'2020-06-18',4,0,0,3,0,2,1,0),
(34742,8,48,566,'2020-06-18',2,1,0,0,0,1,0,0),
(34743,8,49,567,'2020-06-18',0,0,0,0,0,0,0,0),
(34744,8,49,568,'2020-06-18',0,0,0,0,0,0,0,0),
(34745,8,49,569,'2020-06-18',0,0,0,0,0,0,0,0),
(34746,8,49,570,'2020-06-18',0,0,0,0,0,0,0,0),
(34747,8,49,571,'2020-06-18',0,0,0,0,0,0,0,0),
(34748,8,49,572,'2020-06-18',0,0,0,0,0,0,0,0),
(34749,8,49,573,'2020-06-18',0,0,0,0,0,0,0,0),
(34750,8,49,574,'2020-06-18',0,0,0,0,0,0,0,0),
(34751,8,49,575,'2020-06-18',0,0,0,0,0,0,0,0),
(34752,8,49,576,'2020-06-18',0,0,0,0,0,0,0,0),
(34753,8,49,577,'2020-06-18',0,0,0,0,0,0,0,0),
(34754,8,49,578,'2020-06-18',1,1,0,0,0,0,1,0),
(34755,8,49,579,'2020-06-18',0,0,0,0,0,0,0,0),
(34756,8,49,580,'2020-06-18',0,0,0,0,0,0,0,0),
(34757,8,49,581,'2020-06-18',0,0,0,0,0,0,0,0),
(34758,8,49,582,'2020-06-18',0,0,0,0,0,0,0,0),
(34759,9,50,583,'2020-06-18',0,0,0,0,0,0,0,0),
(34760,9,50,584,'2020-06-18',0,0,0,0,0,0,0,0),
(34761,9,50,585,'2020-06-18',0,0,0,0,0,0,0,0),
(34762,9,50,586,'2020-06-18',0,0,0,0,0,0,0,0),
(34763,9,50,587,'2020-06-18',0,0,0,0,0,0,0,0),
(34764,9,50,588,'2020-06-18',0,0,0,0,0,0,0,0),
(34765,9,50,589,'2020-06-18',0,0,0,0,0,0,0,0),
(34766,9,50,590,'2020-06-18',0,0,0,0,0,0,0,0),
(34767,9,50,591,'2020-06-18',0,0,0,0,0,0,0,0),
(34768,9,50,592,'2020-06-18',0,0,0,0,0,0,0,0),
(34769,9,50,593,'2020-06-18',0,0,0,0,0,0,0,0),
(34770,9,50,594,'2020-06-18',0,0,0,0,0,0,0,0),
(34771,9,51,595,'2020-06-18',0,0,0,0,0,0,0,0),
(34772,9,51,596,'2020-06-18',4,0,0,4,0,2,2,0),
(34773,9,51,597,'2020-06-18',1,0,0,1,0,0,1,0),
(34774,9,51,598,'2020-06-18',0,0,0,0,0,0,0,0),
(34775,9,51,599,'2020-06-18',0,0,0,0,0,0,0,0),
(34776,9,51,600,'2020-06-18',0,0,0,0,0,0,0,0),
(34777,9,51,601,'2020-06-18',4,0,0,1,0,1,0,0),
(34778,9,51,602,'2020-06-18',1,2,0,0,0,0,2,0),
(34779,9,51,603,'2020-06-18',0,0,0,0,0,0,0,0),
(34780,9,51,604,'2020-06-18',0,0,0,0,0,0,0,0),
(34781,9,51,605,'2020-06-18',0,0,0,0,0,0,0,0),
(34782,9,51,606,'2020-06-18',0,0,0,0,0,0,0,0),
(34783,9,51,607,'2020-06-18',0,0,0,0,0,0,0,0),
(34784,9,51,608,'2020-06-18',0,0,0,0,0,0,0,0),
(34785,9,52,609,'2020-06-18',0,0,0,0,0,0,0,0),
(34786,9,52,610,'2020-06-18',1,1,0,0,0,0,1,0),
(34787,9,52,611,'2020-06-18',0,0,0,0,0,0,0,0),
(34788,9,52,612,'2020-06-18',0,0,0,0,0,0,0,0),
(34789,9,52,613,'2020-06-18',1,0,0,1,0,0,1,0),
(34790,9,52,614,'2020-06-18',0,0,0,0,0,0,0,0),
(34791,9,52,615,'2020-06-18',1,1,0,0,0,0,1,0),
(34792,9,52,616,'2020-06-18',0,0,0,0,0,0,0,0),
(34793,9,52,617,'2020-06-18',1,0,0,1,0,0,1,0),
(34794,9,52,618,'2020-06-18',0,0,0,0,0,0,0,0),
(34795,9,52,619,'2020-06-18',0,0,0,0,0,0,0,0),
(34796,9,52,620,'2020-06-18',0,0,0,0,0,0,0,0),
(34797,9,52,621,'2020-06-18',0,0,0,0,0,0,0,0),
(34798,9,52,622,'2020-06-18',0,0,0,0,0,0,0,0),
(34799,9,52,623,'2020-06-18',0,0,0,0,0,0,0,0),
(34800,9,53,624,'2020-06-18',0,0,0,0,0,0,0,0),
(34801,9,53,625,'2020-06-18',0,0,0,0,0,0,0,0),
(34802,9,53,626,'2020-06-18',0,0,0,0,0,0,0,0),
(34803,9,53,627,'2020-06-18',0,0,0,0,0,0,0,0),
(34804,9,53,628,'2020-06-18',0,0,0,0,0,0,0,0),
(34805,9,53,629,'2020-06-18',0,0,0,0,0,0,0,0),
(34806,9,53,630,'2020-06-18',1,1,0,0,0,0,1,0),
(34807,9,53,631,'2020-06-18',0,0,0,0,0,0,0,0),
(34808,9,53,632,'2020-06-18',0,0,0,0,0,0,0,0),
(34809,9,53,633,'2020-06-18',0,0,0,0,0,0,0,0),
(34810,9,53,634,'2020-06-18',0,0,0,0,0,0,0,0),
(34811,9,53,635,'2020-06-18',0,0,0,0,0,0,0,0),
(34812,9,53,636,'2020-06-18',1,1,0,0,0,0,1,0),
(34813,9,53,637,'2020-06-18',0,0,0,0,0,0,0,0),
(34814,9,53,638,'2020-06-18',0,0,0,0,0,0,0,0),
(34815,9,54,639,'2020-06-18',0,0,0,0,0,0,0,0),
(34816,9,54,640,'2020-06-18',1,2,0,0,0,0,2,0),
(34817,9,54,641,'2020-06-18',0,0,0,0,0,0,0,0),
(34818,9,54,642,'2020-06-18',1,1,0,0,0,0,1,0),
(34819,9,54,643,'2020-06-18',1,2,0,0,0,0,2,0),
(34820,9,54,644,'2020-06-18',0,0,0,0,0,0,0,0),
(34821,9,54,645,'2020-06-18',0,0,0,0,0,0,0,0),
(34822,9,54,646,'2020-06-18',1,1,0,1,0,0,2,0),
(34823,9,54,647,'2020-06-18',0,0,0,0,0,0,0,0),
(34824,9,54,648,'2020-06-18',0,0,0,0,0,0,0,0),
(34825,9,54,649,'2020-06-18',0,0,0,0,0,0,0,0),
(34826,9,54,650,'2020-06-18',0,0,0,0,0,0,0,0),
(34827,9,54,651,'2020-06-18',0,0,0,0,0,0,0,0),
(34828,9,54,652,'2020-06-18',0,0,0,0,0,0,0,0),
(34829,9,54,653,'2020-06-18',1,0,0,1,0,0,1,0),
(34830,9,54,654,'2020-06-18',0,0,0,0,0,0,0,0),
(34831,9,54,655,'2020-06-18',0,0,0,0,0,0,0,0),
(34832,9,54,656,'2020-06-18',0,0,0,0,0,0,0,0),
(34833,9,55,657,'2020-06-18',0,0,0,0,0,0,0,0),
(34834,9,55,658,'2020-06-18',0,0,0,0,0,0,0,0),
(34835,9,55,659,'2020-06-18',0,0,0,0,0,0,0,0),
(34836,9,55,660,'2020-06-18',0,0,0,0,0,0,0,0),
(34837,9,55,661,'2020-06-18',0,0,0,0,0,0,0,0),
(34838,9,55,662,'2020-06-18',0,0,0,0,0,0,0,0),
(34839,9,55,663,'2020-06-18',0,0,0,0,0,0,0,0),
(34840,9,55,664,'2020-06-18',0,0,0,0,0,0,0,0),
(34841,9,55,665,'2020-06-18',0,0,0,0,0,0,0,0),
(34842,9,55,666,'2020-06-18',0,0,0,0,0,0,0,0),
(34843,9,55,667,'2020-06-18',0,0,0,0,0,0,0,0),
(34844,9,55,668,'2020-06-18',0,0,0,0,0,0,0,0),
(34845,9,55,669,'2020-06-18',0,0,0,0,0,0,0,0),
(34846,9,56,670,'2020-06-18',1,0,0,1,0,0,1,0),
(34847,9,56,671,'2020-06-18',2,1,0,0,0,1,0,0),
(34848,9,56,672,'2020-06-18',0,0,0,0,0,0,0,0),
(34849,9,56,673,'2020-06-18',0,0,0,0,0,0,0,0),
(34850,9,56,674,'2020-06-18',0,0,0,0,0,0,0,0),
(34851,9,56,675,'2020-06-18',0,0,0,0,0,0,0,0),
(34852,9,56,676,'2020-06-18',0,0,0,0,0,0,0,0),
(34853,9,56,677,'2020-06-18',0,0,0,0,0,0,0,0),
(34854,9,56,678,'2020-06-18',2,1,0,0,0,1,0,0),
(34855,9,56,679,'2020-06-18',0,0,0,0,0,0,0,0),
(34856,9,57,680,'2020-06-18',0,0,0,0,0,0,0,0),
(34857,9,57,681,'2020-06-18',0,0,0,0,0,0,0,0),
(34858,9,57,682,'2020-06-18',0,0,0,0,0,0,0,0),
(34859,9,57,683,'2020-06-18',0,0,0,0,0,0,0,0),
(34860,9,57,684,'2020-06-18',0,0,0,0,0,0,0,0),
(34861,9,57,685,'2020-06-18',0,0,0,0,0,0,0,0),
(34862,9,57,686,'2020-06-18',4,0,1,1,0,1,1,0),
(34863,9,57,687,'2020-06-18',0,0,0,0,0,0,0,0),
(34864,9,57,688,'2020-06-18',0,0,0,0,0,0,0,0),
(34865,9,57,689,'2020-06-18',0,0,0,0,0,0,0,0),
(34866,9,57,690,'2020-06-18',0,0,0,0,0,0,0,0),
(34867,9,58,691,'2020-06-18',0,0,0,0,0,0,0,0),
(34868,9,58,692,'2020-06-18',0,0,0,0,0,0,0,0),
(34869,9,58,693,'2020-06-18',0,0,0,0,0,0,0,0),
(34870,9,58,694,'2020-06-18',0,0,0,0,0,0,0,0),
(34871,9,58,695,'2020-06-18',0,0,0,0,0,0,0,0),
(34872,9,58,696,'2020-06-18',0,0,0,0,0,0,0,0),
(34873,9,58,697,'2020-06-18',0,0,0,0,0,0,0,0),
(34874,9,58,698,'2020-06-18',0,0,0,0,0,0,0,0),
(34875,9,58,699,'2020-06-18',0,0,0,0,0,0,0,0),
(34876,9,58,700,'2020-06-18',0,0,0,0,0,0,0,0),
(34877,9,59,701,'2020-06-18',4,1,0,1,0,2,0,0),
(34878,9,59,702,'2020-06-18',0,0,0,0,0,0,0,0),
(34879,9,59,703,'2020-06-18',1,1,0,1,0,0,2,0),
(34880,9,59,704,'2020-06-18',0,0,0,0,0,0,0,0),
(34881,9,59,705,'2020-06-18',2,1,0,0,0,1,0,0),
(34882,9,59,706,'2020-06-18',0,0,0,0,0,0,0,0),
(34883,9,59,707,'2020-06-18',2,1,0,0,0,1,0,0),
(34884,9,59,708,'2020-06-18',0,0,0,0,0,0,0,0),
(34885,9,59,709,'2020-06-18',1,0,0,1,0,0,1,0),
(34886,9,59,710,'2020-06-18',1,1,0,0,0,0,1,0),
(34887,9,59,711,'2020-06-18',0,0,0,0,0,0,0,0),
(34888,9,59,712,'2020-06-18',0,0,0,0,0,0,0,0);

/*Table structure for table `tb_sebaran_pasien` */

DROP TABLE IF EXISTS `tb_sebaran_pasien`;

CREATE TABLE `tb_sebaran_pasien` (
  `id` bigint(20) NOT NULL AUTO_INCREMENT,
  `kabupaten` varchar(255) DEFAULT NULL,
  `kecamatan` varchar(255) DEFAULT NULL,
  `kelurahan` varchar(255) DEFAULT NULL,
  `level` int(5) DEFAULT NULL,
  `ppln` int(5) DEFAULT NULL,
  `ppdn` int(5) DEFAULT NULL,
  `tl` int(5) DEFAULT NULL,
  `lainya` int(5) DEFAULT NULL,
  `perawatan` int(5) DEFAULT NULL,
  `sembuh` int(5) DEFAULT NULL,
  `meninggal` int(5) DEFAULT NULL,
  `tanggal` date DEFAULT NULL,
  PRIMARY KEY (`id`)
) ENGINE=InnoDB DEFAULT CHARSET=utf8mb4;

/*Data for the table `tb_sebaran_pasien` */

/*Table structure for table `tb_user` */

DROP TABLE IF EXISTS `tb_user`;

CREATE TABLE `tb_user` (
  `id` int(10) NOT NULL AUTO_INCREMENT,
  `nama` varchar(255) DEFAULT NULL,
  `email` varchar(255) DEFAULT NULL,
  `password` varchar(255) DEFAULT NULL,
  `jenis_kelamin` enum('P','W') DEFAULT NULL,
  `alamat` varchar(255) DEFAULT NULL,
  PRIMARY KEY (`id`)
) ENGINE=InnoDB AUTO_INCREMENT=7 DEFAULT CHARSET=utf8mb4;

/*Data for the table `tb_user` */

insert  into `tb_user`(`id`,`nama`,`email`,`password`,`jenis_kelamin`,`alamat`) values 
(2,'hari kesuma 78','hari@gmail.com','$2y$10$nMO73WcmvWTVyMcN92b/CuwGic5HSsc8e6KK3H2RUaOeeLthBnSAS','P','jl. sakura'),
(3,'omang','omang@gmail.com','$2y$10$AX2giPBApsxUElHIMZUI8.UKH75IWCDoE2PAGI5mfWaQlvL.0BmrW','W','jl. gunung soputan'),
(6,'ansela','ansel@gmail.com','$2y$10$3YuvUOqZjlFsGkqCDcgjyOSGTMNVyVAh/CQSs9UiK21Ij8u7Gq54u','W','jl. sentana');

/*Table structure for table `tb_user_gejala` */

DROP TABLE IF EXISTS `tb_user_gejala`;

CREATE TABLE `tb_user_gejala` (
  `id` bigint(20) NOT NULL AUTO_INCREMENT,
  `user_id` int(10) DEFAULT NULL,
  `gejala_id` int(5) DEFAULT NULL,
  `tanggal` date DEFAULT NULL,
  PRIMARY KEY (`id`),
  KEY `user_id` (`user_id`),
  KEY `gejala_id` (`gejala_id`),
  CONSTRAINT `tb_user_gejala_ibfk_1` FOREIGN KEY (`user_id`) REFERENCES `tb_user` (`id`),
  CONSTRAINT `tb_user_gejala_ibfk_2` FOREIGN KEY (`gejala_id`) REFERENCES `tb_gejala` (`id`)
) ENGINE=InnoDB AUTO_INCREMENT=74 DEFAULT CHARSET=utf8mb4;

/*Data for the table `tb_user_gejala` */

insert  into `tb_user_gejala`(`id`,`user_id`,`gejala_id`,`tanggal`) values 
(3,2,9,NULL),
(5,2,7,NULL),
(7,2,4,NULL),
(9,2,2,NULL),
(10,2,3,NULL),
(11,2,4,NULL),
(13,2,7,NULL),
(15,2,4,NULL),
(16,2,5,NULL),
(18,2,6,NULL),
(21,2,11,NULL),
(23,2,11,NULL),
(25,2,5,NULL),
(26,2,10,NULL),
(28,2,10,NULL),
(29,2,1,NULL),
(30,2,2,NULL),
(31,2,4,NULL),
(32,2,5,NULL),
(33,2,6,NULL),
(34,2,7,NULL),
(35,2,8,NULL),
(36,2,5,NULL),
(37,2,6,NULL),
(38,2,7,NULL),
(40,2,2,NULL),
(41,2,3,NULL),
(42,2,4,NULL),
(43,2,1,NULL),
(44,2,2,NULL),
(45,2,3,NULL),
(46,2,4,NULL),
(47,2,1,NULL),
(48,2,2,NULL),
(49,2,3,NULL),
(50,2,4,NULL),
(51,2,1,NULL),
(52,2,2,NULL),
(53,2,3,NULL),
(54,2,4,NULL),
(55,2,7,NULL),
(56,2,8,NULL),
(57,2,7,NULL),
(58,2,8,NULL),
(59,2,10,'2020-06-21'),
(60,2,11,'2020-06-21'),
(61,2,8,'2020-06-21'),
(62,2,10,'2020-06-21'),
(63,2,8,'2020-06-21'),
(64,2,9,'2020-06-21'),
(65,2,9,'2020-06-21'),
(66,2,10,'2020-06-21'),
(67,2,11,'2020-06-21'),
(68,2,9,'2020-06-21'),
(69,2,12,'2020-06-21'),
(70,2,13,'2020-06-21'),
(71,6,7,'2020-06-21'),
(72,6,8,'2020-06-21'),
(73,6,9,'2020-06-21');

/*!40101 SET SQL_MODE=@OLD_SQL_MODE */;
/*!40014 SET FOREIGN_KEY_CHECKS=@OLD_FOREIGN_KEY_CHECKS */;
/*!40014 SET UNIQUE_CHECKS=@OLD_UNIQUE_CHECKS */;
/*!40111 SET SQL_NOTES=@OLD_SQL_NOTES */;
